market,span,window,step,estimator,phi,n,QLIKE,QLIKE_canonical,n_train,dQLIKE_vs_CC,t_vs_CC,dQLIKE_vs_P,t_vs_P,dQLIKE_vs_Anam,t_vs_Anam,"dQLIKE_vs_Anam, open-free special case (b=0)","t_vs_Anam, open-free special case (b=0)",rejected_candidates,zero_targets
NEPSE,A2+C,5,S0,CC,0.5,53168,0.6477550256,-7.015869809,66931,0,,-0.02862538209,-1.794368618,-0.01597785441,-1.19191492,-0.01079368398,-0.9306566202,,
NEPSE,A2+C,5,S0,P,0.65,53168,0.6763804077,-6.987244426,66931,0.02862538209,1.794368618,0,,0.01264752768,3.97456975,0.01783169811,3.779791051,,
NEPSE,A2+C,5,S0,GK,0.6,53168,0.6903596248,-6.973265209,66931,0.04260459925,2.228286046,0.01397921716,3.382320717,0.02662674484,3.835967375,0.03181091527,3.808048161,,
NEPSE,A2+C,5,S0,RS,0.55,53168,0.705145973,-6.958478861,66931,0.05739094738,2.700775954,0.0287655653,4.363504096,0.04141309298,4.469148656,0.04659726341,4.343827604,,
NEPSE,A2+C,5,S0,o2+P,0.7,53168,0.6981619566,-6.965462878,66931,0.05040693103,2.452763415,0.02178154894,3.876598607,0.03442907662,4.493274723,0.03961324705,4.151994741,,
NEPSE,A2+C,5,S0,o2+GK,0.7,53168,0.7075824814,-6.956042353,66931,0.05982745583,2.805527192,0.03120207374,5.135544565,0.04384960142,5.234017067,0.04903377185,4.785334014,,
NEPSE,A2+C,5,S0,YZ (daily form),0.7,53168,0.7088533449,-6.954771489,66931,0.0610983193,2.888339428,0.03247293721,5.2928075,0.04512046489,5.450600246,0.05030463533,4.957496587,,
NEPSE,A2+C,5,S0,"Anam, open-free special case (b=0)",0.65,53168,0.6585487096,-7.005076125,66931,0.01079368398,0.9306566202,-0.01783169811,-3.779791051,-0.005184170434,-2.47149659,0,,,
NEPSE,A2+C,5,S0,Anam,0.65,53168,0.66373288,-6.999891954,66931,0.01597785441,1.19191492,-0.01264752768,-3.97456975,0,,0.005184170434,2.47149659,,
NEPSE,A2+C,5,S1,CC,0.55,53168,0.6496725995,-7.013952235,65692,0,,-0.02889355391,-1.677148667,-0.01584547261,-1.093996867,-0.01052354306,-0.8377750859,,
NEPSE,A2+C,5,S1,P,0.7,53168,0.6785661534,-6.985058681,65692,0.02889355391,1.677148667,0,,0.0130480813,3.799068269,0.01837001085,3.611947007,,
NEPSE,A2+C,5,S1,GK,0.7,53168,0.6935855843,-6.97003925,65692,0.0439129848,2.411611032,0.01501943089,7.10740481,0.02806751219,5.698403559,0.03338944174,5.211932628,,
NEPSE,A2+C,5,S1,RS,0.65,53168,0.7083733489,-6.955251485,65692,0.05870074941,2.845981759,0.0298071955,6.041438828,0.0428552768,5.598792347,0.04817720635,5.235672797,,
NEPSE,A2+C,5,S1,o2+P,0.75,53168,0.7020297542,-6.96159508,65692,0.05235715473,2.363478933,0.02346360082,3.903065348,0.03651168212,4.419924074,0.04183361167,4.067418272,,
NEPSE,A2+C,5,S1,o2+GK,0.75,53168,0.7111732405,-6.952451594,65692,0.06150064101,2.683269968,0.0326070871,5.060032747,0.0456551684,5.095669939,0.05097709795,4.646142923,,
NEPSE,A2+C,5,S1,YZ (daily form),0.75,53168,0.7127171071,-6.950907727,65692,0.06304450763,2.777067646,0.03415095373,5.287458654,0.04719903503,5.355656095,0.05252096457,4.850977989,,
NEPSE,A2+C,5,S1,"Anam, open-free special case (b=0)",0.7,53168,0.6601961425,-7.003428692,65692,0.01052354306,0.8377750859,-0.01837001085,-3.611947007,-0.005321929545,-2.352095064,0,,,
NEPSE,A2+C,5,S1,Anam,0.7,53168,0.6655180721,-6.998106762,65692,0.01584547261,1.093996867,-0.0130480813,-3.799068269,0,,0.005321929545,2.352095064,,
NEPSE,A2+C,5,S2,CC,0.55,52950,0.6500364665,-7.012766796,65338,0,,-0.02749220621,-1.568263925,-0.0193764822,-1.576103299,-0.01039795346,-0.8037062422,,
NEPSE,A2+C,5,S2,P,0.7,52950,0.6775286727,-6.98527459,65338,0.02749220621,1.568263925,0,,0.00811572401,1.135869005,0.01709425275,3.339423398,,
NEPSE,A2+C,5,S2,GK,0.7,52950,0.6912039316,-6.971599331,65338,0.04116746504,2.237010292,0.01367525883,6.717386614,0.02179098284,2.618237067,0.03076951158,4.827448088,,
NEPSE,A2+C,5,S2,RS,0.65,52950,0.7059933043,-6.956809958,65338,0.05595683778,2.671496556,0.02846463157,5.681275806,0.03658035558,3.24466565,0.04555888432,4.874724941,,
NEPSE,A2+C,5,S2,o2+P,0.8,52950,0.7083672287,-6.954436034,65338,0.05833076215,2.827204925,0.03083855594,5.346496583,0.03895427995,4.283182942,0.0479328087,5.309084116,,
NEPSE,A2+C,5,S2,o2+GK,0.75,52950,0.7116858947,-6.951117368,65338,0.0616494282,2.639508341,0.03415722199,5.235335511,0.042272946,3.437035429,0.05125147474,4.588397804,,
NEPSE,A2+C,5,S2,YZ (daily form),0.75,52950,0.7132677405,-6.949535522,65338,0.06323127394,2.735222018,0.03573906774,5.503593234,0.04385479174,3.657984232,0.05283332049,4.801194862,,
NEPSE,A2+C,5,S2,"Anam, open-free special case (b=0)",0.7,52950,0.66043442,-7.002368843,65338,0.01039795346,0.8037062422,-0.01709425275,-3.339423398,-0.008978528744,-2.740522937,0,,,
NEPSE,A2+C,5,S2,Anam,0.75,52950,0.6694129487,-6.993390314,65338,0.0193764822,1.576103299,-0.00811572401,-1.135869005,0,,0.008978528744,2.740522937,,
NEPSE,A2+C,5,S3,CC,0.55,52977,0.6498884972,-7.012928586,65345,0,,-0.02785493448,-1.58482098,-0.01955178437,-1.587332734,-0.01050716114,-0.811083867,0,0
NEPSE,A2+C,5,S3,P,0.7,52977,0.6777434317,-6.985073652,65345,0.02785493448,1.58482098,0,,0.008303150105,1.159185172,0.01734777333,3.37134354,0,0
NEPSE,A2+C,5,S3,GK,0.7,52977,0.6918107232,-6.97100636,65345,0.04192222595,2.268297717,0.01406729147,6.88839473,0.02237044158,2.672867783,0.03141506481,4.890318074,0,0
NEPSE,A2+C,5,S3,RS,0.65,52977,0.7069695448,-6.955847539,65345,0.05708104758,2.716634202,0.0292261131,5.807401257,0.03752926321,3.322715969,0.04657388644,4.963636656,0,0
NEPSE,A2+C,5,S3,o2+P,0.8,52977,0.7084481886,-6.954368895,65345,0.05855969132,2.837098975,0.03070475684,5.328448906,0.03900790695,4.293850413,0.04805253018,5.32603123,0,0
NEPSE,A2+C,5,S3,o2+GK,0.75,52977,0.7117664277,-6.951050656,65345,0.0618779305,2.6486067,0.03402299603,5.22837883,0.04232614613,3.444977926,0.05137076936,4.601541242,0,0
NEPSE,A2+C,5,S3,YZ (daily form),0.75,52977,0.7133398887,-6.949477195,65345,0.06345139141,2.744325702,0.03559645694,5.497225829,0.04389960704,3.666326341,0.05294423027,4.815043869,0,0
NEPSE,A2+C,5,S3,"Anam, open-free special case (b=0)",0.7,52977,0.6603956584,-7.002421425,65345,0.01050716114,0.811083867,-0.01734777333,-3.37134354,-0.009044623228,-2.768713983,0,,0,0
NEPSE,A2+C,5,S3,Anam,0.75,52977,0.6694402816,-6.993376802,65345,0.01955178437,1.587332734,-0.008303150105,-1.159185172,0,,0.009044623228,2.768713983,0,0
NEPSE,A2+C,5,S4,CC,0.55,52977,0.6498884972,-7.012928586,65345,0,,-0.02785493448,-1.364322064,-0.01955178437,-1.374048737,-0.01050716114,-0.7222949772,0,0
NEPSE,A2+C,5,S4,P,0.7,52977,0.6777434317,-6.985073652,65345,0.02785493448,1.364322064,0,,0.008303150105,1.054983878,0.01734777333,2.835782053,0,0
NEPSE,A2+C,5,S4,GK,0.7,52977,0.6918107232,-6.97100636,65345,0.04192222595,1.933036879,0.01406729147,6.708350919,0.02237044158,2.401089721,0.03141506481,4.153729526,0,0
NEPSE,A2+C,5,S4,RS,0.65,52977,0.7069695448,-6.955847539,65345,0.05708104758,2.321386543,0.0292261131,5.49103844,0.03752926321,3.018440623,0.04657388644,4.328050569,0,0
NEPSE,A2+C,5,S4,o2+P,0.8,52977,0.7084481886,-6.954368895,65345,0.05855969132,2.422692778,0.03070475684,4.843612689,0.03900790695,3.662172501,0.04805253018,4.558052779,0,0
NEPSE,A2+C,5,S4,o2+GK,0.75,52977,0.7117664277,-6.951050656,65345,0.0618779305,2.262843216,0.03402299603,4.490310803,0.04232614613,3.002870636,0.05137076936,3.899680906,0,0
NEPSE,A2+C,5,S4,YZ (daily form),0.75,52977,0.7133398887,-6.949477195,65345,0.06345139141,2.342090923,0.03559645694,4.741019689,0.04389960704,3.185338713,0.05294423027,4.083702158,0,0
NEPSE,A2+C,5,S4,"Anam, open-free special case (b=0)",0.7,52977,0.6603956584,-7.002421425,65345,0.01050716114,0.7222949772,-0.01734777333,-2.835782053,-0.009044623228,-2.764721702,0,,0,0
NEPSE,A2+C,5,S4,Anam,0.75,52977,0.6694402816,-6.993376802,65345,0.01955178437,1.374048737,-0.008303150105,-1.054983878,0,,0.009044623228,2.764721702,0,0
NEPSE,A2,5,S0,CC,0.5,30872,0.6162211534,-6.808150194,66931,0,,0.01421850913,0.7639900354,0.01716281896,1.150055734,0.01803721514,1.40724037,,
NEPSE,A2,5,S0,P,0.65,30872,0.6020026442,-6.822368703,66931,-0.01421850913,-0.7639900354,0,,0.002944309837,0.8664381866,0.003818706016,0.7315454029,,
NEPSE,A2,5,S0,GK,0.6,30872,0.6108762635,-6.813495084,66931,-0.005344889819,-0.1960257578,0.008873619308,1.552016875,0.01181792915,1.318095363,0.01269232532,1.177477347,,
NEPSE,A2,5,S0,RS,0.55,30872,0.6225432146,-6.801828133,66931,0.00632206126,0.2721098772,0.02054057039,2.117838501,0.02348488022,1.818482524,0.0243592764,1.657461565,,
NEPSE,A2,5,S0,o2+P,0.7,30872,0.609269353,-6.815101994,66931,-0.006951800389,-0.2835914023,0.007266708738,1.607188017,0.01021101858,1.345836535,0.01108541475,1.175338005,,
NEPSE,A2,5,S0,o2+GK,0.7,30872,0.6181323207,-6.806239027,66931,0.001911167361,0.1158132908,0.01612967649,2.673608747,0.01907398633,2.070837374,0.0199483825,1.805802031,,
NEPSE,A2,5,S0,YZ (daily form),0.7,30872,0.6207755582,-6.803595789,66931,0.004554404839,0.2323321714,0.01877291397,3.127548558,0.0217172238,2.388198874,0.02259161998,2.075745226,,
NEPSE,A2,5,S0,"Anam, open-free special case (b=0)",0.65,30872,0.5981839382,-6.826187409,66931,-0.01803721514,-1.40724037,-0.003818706016,-0.7315454029,-0.0008743961786,-0.4576762298,0,,,
NEPSE,A2,5,S0,Anam,0.65,30872,0.5990583344,-6.825313013,66931,-0.01716281896,-1.150055734,-0.002944309837,-0.8664381866,0,,0.0008743961786,0.4576762298,,
NEPSE,A2,5,S1,CC,0.55,30872,0.625118164,-6.799253183,65692,0,,0.01762328351,0.883401351,0.02038227212,1.271698005,0.02086513801,1.515079455,,
NEPSE,A2,5,S1,P,0.7,30872,0.6074948805,-6.816876467,65692,-0.01762328351,-0.883401351,0,,0.002758988606,0.7542398506,0.003241854502,0.5824759733,,
NEPSE,A2,5,S1,GK,0.7,30872,0.6213178294,-6.803053518,65692,-0.003800334685,-0.1468257961,0.01382294883,5.496461445,0.01658193743,2.816520947,0.01706480333,2.191462293,,
NEPSE,A2,5,S1,RS,0.65,30872,0.6329011068,-6.791470241,65692,0.007782942758,0.3442756804,0.02540622627,3.513151223,0.02816521488,2.647711042,0.02864808077,2.292468854,,
NEPSE,A2,5,S1,o2+P,0.75,30872,0.614313208,-6.81005814,65692,-0.0108049561,-0.4228312844,0.006818327412,1.392117894,0.009577316018,1.166737322,0.01006018191,0.9885325544,,
NEPSE,A2,5,S1,o2+GK,0.75,30872,0.6232952513,-6.801076096,65692,-0.001822912757,-0.03889434264,0.01580037075,2.451709638,0.01855935936,1.877597979,0.01904222526,1.605533906,,
NEPSE,A2,5,S1,YZ (daily form),0.75,30872,0.6263475347,-6.798023813,65692,0.001229370641,0.08396685897,0.01885265415,2.943215895,0.02161164276,2.213839018,0.02209450865,1.889762156,,
NEPSE,A2,5,S1,"Anam, open-free special case (b=0)",0.7,30872,0.604253026,-6.820118321,65692,-0.02086513801,-1.515079455,-0.003241854502,-0.5824759733,-0.000482865896,-0.2506939016,0,,,
NEPSE,A2,5,S1,Anam,0.7,30872,0.6047358919,-6.819635456,65692,-0.02038227212,-1.271698005,-0.002758988606,-0.7542398506,0,,0.000482865896,0.2506939016,,
NEPSE,A2,5,S2,CC,0.55,29451,0.6284162942,-6.773417328,65338,0,,0.02352252336,1.160549934,0.01610874488,1.393651721,0.02460178523,1.753673371,,
NEPSE,A2,5,S2,P,0.7,29451,0.6048937708,-6.796939851,65338,-0.02352252336,-1.160549934,0,,-0.00741377848,-0.7333532541,0.001079261877,0.189940294,,
NEPSE,A2,5,S2,GK,0.7,29451,0.6173735493,-6.784460073,65338,-0.01104274484,-0.4886081947,0.01247977852,4.69353518,0.005066000036,0.4315443467,0.01355904039,1.621690601,,
NEPSE,A2,5,S2,RS,0.65,29451,0.6283675899,-6.773466032,65338,-4.870432197e-05,0.01310185878,0.02347381903,3.01016523,0.01606004055,0.9430122055,0.02455308091,1.815778494,,
NEPSE,A2,5,S2,o2+P,0.8,29451,0.6192059288,-6.782627693,65338,-0.009210365375,-0.441278967,0.01431215798,4.303610833,0.006898379502,0.7174959986,0.01539141986,2.237150333,,
NEPSE,A2,5,S2,o2+GK,0.75,29451,0.6196426233,-6.782190999,65338,-0.008773670858,-0.3225876217,0.0147488525,2.199662913,0.007335074019,0.4557430345,0.01582811438,1.257625889,,
NEPSE,A2,5,S2,YZ (daily form),0.75,29451,0.6229358877,-6.778897734,65338,-0.005480406473,-0.1978431449,0.01804211688,2.706014564,0.0106283384,0.6744033589,0.01912137876,1.541222523,,
NEPSE,A2,5,S2,"Anam, open-free special case (b=0)",0.7,29451,0.6038145089,-6.798019113,65338,-0.02460178523,-1.753673371,-0.001079261877,-0.189940294,-0.008493040358,-1.911171353,0,,,
NEPSE,A2,5,S2,Anam,0.75,29451,0.6123075493,-6.789526073,65338,-0.01610874488,-1.393651721,0.00741377848,0.7333532541,0,,0.008493040358,1.911171353,,
NEPSE,A2,5,S3,CC,0.55,29465,0.6282466087,-6.773824799,65345,0,,0.02343531938,1.155101971,0.01613388855,1.39634661,0.02463784601,1.75803207,0,0
NEPSE,A2,5,S3,P,0.7,29465,0.6048112893,-6.797260118,65345,-0.02343531938,-1.155101971,0,,-0.007301430821,-0.720861352,0.001202526636,0.2088070537,0,0
NEPSE,A2,5,S3,GK,0.7,29465,0.6175648347,-6.784506573,65345,-0.010681774,-0.4699499612,0.01275354537,4.773978768,0.00545211455,0.4619850381,0.01395607201,1.654671357,0,0
NEPSE,A2,5,S3,RS,0.65,29465,0.6286309444,-6.773440463,65345,0.000384335676,0.02979517213,0.02381965505,3.043534568,0.01651822423,0.9666407754,0.02502218169,1.841422287,0,0
NEPSE,A2,5,S3,o2+P,0.8,29465,0.6189835585,-6.783087849,65345,-0.009263050238,-0.4441296016,0.01417226914,4.250992768,0.006870838316,0.7166560811,0.01537479577,2.240693155,0,0
NEPSE,A2,5,S3,o2+GK,0.75,29465,0.6194140541,-6.782657354,65345,-0.008832554619,-0.3249308988,0.01460276476,2.187137643,0.007301333936,0.4544572798,0.01580529139,1.257763309,0,0
NEPSE,A2,5,S3,YZ (daily form),0.75,29465,0.6227076064,-6.779363801,65345,-0.005539002328,-0.1999952227,0.01789631705,2.694995052,0.01059488623,0.6734303261,0.01909884368,1.541727382,0,0
NEPSE,A2,5,S3,"Anam, open-free special case (b=0)",0.7,29465,0.6036087627,-6.798462645,65345,-0.02463784601,-1.75803207,-0.001202526636,-0.2088070537,-0.008503957457,-1.91583648,0,,0,0
NEPSE,A2,5,S3,Anam,0.75,29465,0.6121127201,-6.789958688,65345,-0.01613388855,-1.39634661,0.007301430821,0.720861352,0,,0.008503957457,1.91583648,0,0
NEPSE,A2,5,S4,CC,0.55,29465,0.6282466087,-6.773824799,65345,0,,0.02343531938,1.007048946,0.01613388855,1.183604698,0.02463784601,1.535922109,0,0
NEPSE,A2,5,S4,P,0.7,29465,0.6048112893,-6.797260118,65345,-0.02343531938,-1.007048946,0,,-0.007301430821,-0.6711034592,0.001202526636,0.1623845655,0,0
NEPSE,A2,5,S4,GK,0.7,29465,0.6175648347,-6.784506573,65345,-0.010681774,-0.4177714159,0.01275354537,4.253602648,0.00545211455,0.4142604956,0.01395607201,1.410024678,0,0
NEPSE,A2,5,S4,RS,0.65,29465,0.6286309444,-6.773440463,65345,0.000384335676,0.01238575147,0.02381965505,2.735902437,0.01651822423,0.8717129002,0.02502218169,1.59921954,0,0
NEPSE,A2,5,S4,o2+P,0.8,29465,0.6189835585,-6.783087849,65345,-0.009263050238,-0.3939498493,0.01417226914,4.392386444,0.006870838316,0.6392528574,0.01537479577,1.930023625,0,0
NEPSE,A2,5,S4,o2+GK,0.75,29465,0.6194140541,-6.782657354,65345,-0.008832554619,-0.294280687,0.01460276476,1.988120303,0.007301333936,0.4118756563,0.01580529139,1.098809436,0,0
NEPSE,A2,5,S4,YZ (daily form),0.75,29465,0.6227076064,-6.779363801,65345,-0.005539002328,-0.1854500815,0.01789631705,2.430689156,0.01059488623,0.6053772477,0.01909884368,1.336317365,0,0
NEPSE,A2,5,S4,"Anam, open-free special case (b=0)",0.7,29465,0.6036087627,-6.798462645,65345,-0.02463784601,-1.535922109,-0.001202526636,-0.1623845655,-0.008503957457,-2.000081408,0,,0,0
NEPSE,A2,5,S4,Anam,0.75,29465,0.6121127201,-6.789958688,65345,-0.01613388855,-1.183604698,0.007301430821,0.6711034592,0,,0.008503957457,2.000081408,0,0
NEPSE,C,5,S0,CC,0.5,22296,0.6914181806,-7.303487316,66931,0,,-0.08794887552,-4.667213271,-0.06186585532,-3.505709524,-0.0507141862,-3.375721996,,
NEPSE,C,5,S0,P,0.65,22296,0.7793670561,-7.21553844,66931,0.08794887552,4.667213271,0,,0.0260830202,8.187152074,0.03723468932,8.618986651,,
NEPSE,C,5,S0,GK,0.6,22296,0.8004157035,-7.194489793,66931,0.1089975229,5.189619984,0.02104864741,4.299907794,0.04713166761,6.416828236,0.05828333673,7.39973209,,
NEPSE,C,5,S0,RS,0.55,22296,0.8195213029,-7.175384193,66931,0.1281031223,5.732346891,0.0401542468,6.423369394,0.066237267,8.029690511,0.07738893612,8.364794541,,
NEPSE,C,5,S0,o2+P,0.7,22296,0.8212464767,-7.17365902,66931,0.1298282961,5.091300812,0.04187942061,4.377560804,0.06796244081,7.611307927,0.07911410993,6.665289281,,
NEPSE,C,5,S0,o2+GK,0.7,22296,0.831439019,-7.163466477,66931,0.1400208384,5.325898595,0.05207196287,5.674990038,0.07815498307,8.589051797,0.08930665219,7.400143355,,
NEPSE,C,5,S0,YZ (daily form),0.7,22296,0.8308096344,-7.164095862,66931,0.1393914538,5.198946192,0.0514425783,5.159604454,0.0775255985,7.960278583,0.08867726762,6.962291676,,
NEPSE,C,5,S0,"Anam, open-free special case (b=0)",0.65,22296,0.7421323668,-7.252773129,66931,0.0507141862,3.375721996,-0.03723468932,-8.618986651,-0.01115166912,-3.317300731,0,,,
NEPSE,C,5,S0,Anam,0.65,22296,0.7532840359,-7.24162146,66931,0.06186585532,3.505709524,-0.0260830202,-8.187152074,0,,0.01115166912,3.317300731,,
NEPSE,C,5,S1,CC,0.55,22296,0.6836717262,-7.31123377,65692,0,,-0.09330276654,-4.619402243,-0.06600796521,-3.504135969,-0.05398566013,-3.342451186,,
NEPSE,C,5,S1,P,0.7,22296,0.7769744927,-7.217931004,65692,0.09330276654,4.619402243,0,,0.02729480133,7.73878964,0.03931710642,8.567384284,,
NEPSE,C,5,S1,GK,0.7,22296,0.7936506241,-7.201254872,65692,0.1099788979,5.151568196,0.01667613138,4.656363978,0.04397093271,7.221667367,0.0559932378,8.417096226,,
NEPSE,C,5,S1,RS,0.65,22296,0.8128754594,-7.182030037,65692,0.1292037332,5.70869352,0.03590096667,6.684906197,0.06319576801,8.762039984,0.07521807309,9.083847491,,
NEPSE,C,5,S1,o2+P,0.75,22296,0.8234858546,-7.171419642,65692,0.1398141284,5.253337032,0.04651136188,4.768726318,0.07380616321,8.223083818,0.0858284683,7.094948786,,
NEPSE,C,5,S1,o2+GK,0.75,22296,0.8328528817,-7.162052615,65692,0.1491811555,5.408686412,0.05587838899,5.973536451,0.08317319032,8.982998689,0.09519549541,7.690159464,,
NEPSE,C,5,S1,YZ (daily form),0.75,22296,0.8323081297,-7.162597367,65692,0.1486364035,5.30356017,0.05533363692,5.471071124,0.08262843825,8.406248003,0.09465074333,7.282504158,,
NEPSE,C,5,S1,"Anam, open-free special case (b=0)",0.7,22296,0.7376573863,-7.25724811,65692,0.05398566013,3.342451186,-0.03931710642,-8.567384284,-0.01202230508,-3.374393155,0,,,
NEPSE,C,5,S1,Anam,0.7,22296,0.7496796914,-7.245225805,65692,0.06600796521,3.504135969,-0.02729480133,-7.73878964,0,,0.01202230508,3.374393155,,
NEPSE,C,5,S2,CC,0.55,22209,0.6842730289,-7.311029297,65338,0,,-0.09041193936,-4.494375133,-0.06272695968,-3.44369833,-0.05339046869,-3.308881648,,
NEPSE,C,5,S2,P,0.7,22209,0.7746849683,-7.220617358,65338,0.09041193936,4.494375133,0,,0.02768497968,4.428552336,0.03702147067,8.069986856,,
NEPSE,C,5,S2,GK,0.7,22209,0.7893064156,-7.205995911,65338,0.1050333866,5.010541079,0.01462144729,4.489159014,0.04230642697,5.02169313,0.05164291796,8.246944241,,
NEPSE,C,5,S2,RS,0.65,22209,0.8086144646,-7.186687862,65338,0.1243414357,5.583297803,0.0339294963,6.632968145,0.06161447598,6.433935415,0.07095096697,8.793047246,,
NEPSE,C,5,S2,o2+P,0.8,22209,0.8278252841,-7.167477042,65338,0.1435522552,5.441074969,0.05314031583,4.937767515,0.08082529551,9.081944127,0.0901617865,7.129650257,,
NEPSE,C,5,S2,o2+GK,0.75,22209,0.8335188783,-7.161783448,65338,0.1492458494,5.406093417,0.05883391007,6.507330643,0.08651888975,8.264857388,0.09585538074,7.783026412,,
NEPSE,C,5,S2,YZ (daily form),0.75,22209,0.833021399,-7.162280927,65338,0.1487483701,5.302500872,0.05833643073,5.986586271,0.08602141041,7.978425168,0.0953579014,7.379044317,,
NEPSE,C,5,S2,"Anam, open-free special case (b=0)",0.7,22209,0.7376634976,-7.257638829,65338,0.05339046869,3.308881648,-0.03702147067,-8.069986856,-0.009336490989,-1.839044392,0,,,
NEPSE,C,5,S2,Anam,0.75,22209,0.7469999886,-7.248302338,65338,0.06272695968,3.44369833,-0.02768497968,-4.428552336,0,,0.009336490989,1.839044392,,
NEPSE,C,5,S3,CC,0.55,22222,0.6841388565,-7.310851028,65345,0,,-0.09115638359,-4.517381803,-0.0631752127,-3.464491268,-0.05369553214,-3.322227024,0,0
NEPSE,C,5,S3,P,0.7,22222,0.7752952401,-7.219694644,65345,0.09115638359,4.517381803,0,,0.02798117089,4.448607814,0.03746085145,8.15760445,0,0
NEPSE,C,5,S3,GK,0.7,22222,0.7904884905,-7.204501394,65345,0.106349634,5.05593756,0.01519325043,4.666341068,0.04317442132,5.111501537,0.05265410188,8.446841768,0,0
NEPSE,C,5,S3,RS,0.65,22222,0.81058149,-7.184408394,65345,0.1264426334,5.716859165,0.03528624984,6.959411597,0.06326742073,6.828190252,0.07274710128,9.331781289,0,0
NEPSE,C,5,S3,o2+P,0.8,22222,0.8282994294,-7.166690455,65345,0.1441605729,5.476151181,0.05300418932,4.936681517,0.08098536021,9.180071605,0.09046504076,7.201086164,0,0
NEPSE,C,5,S3,o2+GK,0.75,22222,0.8340006517,-7.160989233,65345,0.1498617952,5.440275556,0.05870541159,6.521322179,0.08668658249,8.348880106,0.09616626304,7.861993412,0,0
NEPSE,C,5,S3,YZ (daily form),0.75,22222,0.8334829395,-7.161506945,65345,0.149344083,5.335877497,0.05818769937,5.995642423,0.08616887026,8.057812647,0.09564855081,7.450762823,0,0
NEPSE,C,5,S3,"Anam, open-free special case (b=0)",0.7,22222,0.7378343887,-7.257155496,65345,0.05369553214,3.322227024,-0.03746085145,-8.15760445,-0.009479680552,-1.878224614,0,,0,0
NEPSE,C,5,S3,Anam,0.75,22222,0.7473140692,-7.247675815,65345,0.0631752127,3.464491268,-0.02798117089,-4.448607814,0,,0.009479680552,1.878224614,0,0
NEPSE,C,5,S4,CC,0.55,22222,0.6841388565,-7.310851028,65345,0,,-0.09115638359,-4.233810638,-0.0631752127,-3.363487917,-0.05369553214,-3.144999038,0,0
NEPSE,C,5,S4,P,0.7,22222,0.7752952401,-7.219694644,65345,0.09115638359,4.233810638,0,,0.02798117089,3.739607632,0.03746085145,7.388760868,0,0
NEPSE,C,5,S4,GK,0.7,22222,0.7904884905,-7.204501394,65345,0.106349634,4.64969837,0.01519325043,5.149480833,0.04317442132,4.590645499,0.05265410188,7.556409374,0,0
NEPSE,C,5,S4,RS,0.65,22222,0.81058149,-7.184408394,65345,0.1264426334,5.211009263,0.03528624984,8.140151483,0.06326742073,6.520777653,0.07274710128,8.697032846,0,0
NEPSE,C,5,S4,o2+P,0.8,22222,0.8282994294,-7.166690455,65345,0.1441605729,5.428561418,0.05300418932,4.885417182,0.08098536021,9.470686663,0.09046504076,7.406429251,0,0
NEPSE,C,5,S4,o2+GK,0.75,22222,0.8340006517,-7.160989233,65345,0.1498617952,5.099011528,0.05870541159,5.915675502,0.08668658249,7.353813938,0.09616626304,7.205623297,0,0
NEPSE,C,5,S4,YZ (daily form),0.75,22222,0.8334829395,-7.161506945,65345,0.149344083,4.981290635,0.05818769937,5.352981016,0.08616887026,7.032636122,0.09564855081,6.767458714,0,0
NEPSE,C,5,S4,"Anam, open-free special case (b=0)",0.7,22222,0.7378343887,-7.257155496,65345,0.05369553214,3.144999038,-0.03746085145,-7.388760868,-0.009479680552,-1.772638578,0,,0,0
NEPSE,C,5,S4,Anam,0.75,22222,0.7473140692,-7.247675815,65345,0.0631752127,3.363487917,-0.02798117089,-3.739607632,0,,0.009479680552,1.772638578,0,0
NEPSE,A2+C,21,S0,CC,0.55,48912,0.3616787059,-6.971994367,66917,0,,-0.01684811753,-0.5991603078,-0.009252223576,-0.3695535165,-0.004890331174,-0.2118251486,,
NEPSE,A2+C,21,S0,P,0.65,48912,0.3785268234,-6.955146249,66917,0.01684811753,0.5991603078,0,,0.007595893954,2.014076941,0.01195778636,1.933033711,,
NEPSE,A2+C,21,S0,GK,0.65,48912,0.3875904145,-6.946082658,66917,0.02591170854,0.8600598262,0.009063591011,3.656423229,0.01665948496,2.749497094,0.02102137737,2.494234947,,
NEPSE,A2+C,21,S0,RS,0.65,48912,0.3969277276,-6.936745345,66917,0.03524902171,1.154128959,0.01840090418,5.047895699,0.02599679813,3.691126526,0.03035869053,3.267094948,,
NEPSE,A2+C,21,S0,o2+P,0.7,48912,0.3959774575,-6.937695615,66917,0.03429875156,0.9814984316,0.01745063403,2.338164939,0.02504652798,2.275091632,0.02940842039,2.180457721,,
NEPSE,A2+C,21,S0,o2+GK,0.7,48912,0.4011720029,-6.93250107,66917,0.03949329696,1.083669157,0.02264517943,2.551063063,0.03024107339,2.43185046,0.03460296579,2.31709124,,
NEPSE,A2+C,21,S0,YZ (daily form),0.7,48912,0.4022376659,-6.931435407,66917,0.04055896002,1.133508666,0.02371084249,2.842581703,0.03130673644,2.640632792,0.03566862884,2.485461105,,
NEPSE,A2+C,21,S0,"Anam, open-free special case (b=0)",0.65,48912,0.3665690371,-6.967104036,66917,0.004890331174,0.2118251486,-0.01195778636,-1.933033711,-0.004361892402,-1.639872465,0,,,
NEPSE,A2+C,21,S0,Anam,0.65,48912,0.3709309295,-6.962742143,66917,0.009252223576,0.3695535165,-0.007595893954,-2.014076941,0,,0.004361892402,1.639872465,,
NEPSE,A2+C,21,S1,CC,0.6,48912,0.3654921297,-6.968180943,61726,0,,-0.0147412708,-0.4926572496,-0.01004954837,-0.403349732,-0.005485282727,-0.2440107577,,
NEPSE,A2+C,21,S1,P,0.7,48912,0.3802334005,-6.953439672,61726,0.0147412708,0.4926572496,0,,0.004691722429,0.8468493907,0.009255988074,1.106468113,,
NEPSE,A2+C,21,S1,GK,0.7,48912,0.3890734731,-6.9445996,61726,0.02358134332,0.742846284,0.008840072515,3.699590738,0.01353179494,1.788370147,0.01809606059,1.742553373,,
NEPSE,A2+C,21,S1,RS,0.7,48912,0.39890797,-6.934765103,61726,0.03341584025,1.042886849,0.01867456945,5.202182089,0.02336629187,2.813174924,0.02793055752,2.531910535,,
NEPSE,A2+C,21,S1,o2+P,0.8,48912,0.4020827059,-6.931590367,61726,0.03659057616,0.9998317786,0.02184930536,2.794171151,0.02654102779,2.061065313,0.03110529343,1.975235969,,
NEPSE,A2+C,21,S1,o2+GK,0.8,48912,0.40631849,-6.927354583,61726,0.0408263603,1.07385285,0.0260850895,2.887903594,0.03077681193,2.176637362,0.03534107757,2.073825294,,
NEPSE,A2+C,21,S1,YZ (daily form),0.8,48912,0.4077068527,-6.92596622,61726,0.04221472292,1.132469557,0.02747345212,3.236546326,0.03216517455,2.387844374,0.0367294402,2.244981378,,
NEPSE,A2+C,21,S1,"Anam, open-free special case (b=0)",0.75,48912,0.3709774125,-6.96269566,61726,0.005485282727,0.2440107577,-0.009255988074,-1.106468113,-0.004564265645,-1.478329516,0,,,
NEPSE,A2+C,21,S1,Anam,0.75,48912,0.3755416781,-6.958131395,61726,0.01004954837,0.403349732,-0.004691722429,-0.8468493907,0,,0.004564265645,1.478329516,,
NEPSE,A2+C,21,S2,CC,0.6,48294,0.367296469,-6.964570716,61241,0,,-0.01613982868,-0.5493599648,-0.01046850165,-0.396750446,-0.006024611464,-0.2442989215,,
NEPSE,A2+C,21,S2,P,0.75,48294,0.3834362977,-6.948430888,61241,0.01613982868,0.5493599648,0,,0.005671327031,1.492941868,0.01011521722,1.517632733,,
NEPSE,A2+C,21,S2,GK,0.75,48294,0.3893580833,-6.942509102,61241,0.02206161427,0.7106875001,0.005921785583,2.528335744,0.01159311261,2.018025426,0.0160370028,1.876359796,,
NEPSE,A2+C,21,S2,RS,0.75,48294,0.3984440828,-6.933423103,61241,0.0311476138,1.008297388,0.01500778511,4.607113305,0.02067911214,3.25582232,0.02512300233,2.794054036,,
NEPSE,A2+C,21,S2,o2+P,0.8,48294,0.4050461841,-6.926821001,61241,0.0377497151,1.006000902,0.02160988641,2.271528285,0.02728121344,2.076340708,0.03172510363,1.983306374,,
NEPSE,A2+C,21,S2,o2+GK,0.8,48294,0.4091467122,-6.922720473,61241,0.04185024314,1.07426515,0.02571041446,2.38745288,0.03138174149,2.17703186,0.03582563167,2.069977217,,
NEPSE,A2+C,21,S2,YZ (daily form),0.8,48294,0.4105045399,-6.921362646,61241,0.04320807082,1.133023842,0.02706824213,2.6774459,0.03273956917,2.389171869,0.03718345935,2.242207738,,
NEPSE,A2+C,21,S2,"Anam, open-free special case (b=0)",0.75,48294,0.3733210805,-6.958546105,61241,0.006024611464,0.2442989215,-0.01011521722,-1.517632733,-0.004443890189,-1.433847792,0,,,
NEPSE,A2+C,21,S2,Anam,0.75,48294,0.3777649707,-6.954102215,61241,0.01046850165,0.396750446,-0.005671327031,-1.492941868,0,,0.004443890189,1.433847792,,
NEPSE,A2+C,21,S3,CC,0.6,48294,0.367296469,-6.964570716,61241,0,,-0.01613982868,-0.5493599648,-0.01046850165,-0.396750446,-0.006024611464,-0.2442989215,0,0
NEPSE,A2+C,21,S3,P,0.75,48294,0.3834362977,-6.948430888,61241,0.01613982868,0.5493599648,0,,0.005671327031,1.492941868,0.01011521722,1.517632733,0,0
NEPSE,A2+C,21,S3,GK,0.75,48294,0.3893580833,-6.942509102,61241,0.02206161427,0.7106875001,0.005921785583,2.528335744,0.01159311261,2.018025426,0.0160370028,1.876359796,0,0
NEPSE,A2+C,21,S3,RS,0.75,48294,0.3984440828,-6.933423103,61241,0.0311476138,1.008297388,0.01500778511,4.607113305,0.02067911214,3.25582232,0.02512300233,2.794054036,0,0
NEPSE,A2+C,21,S3,o2+P,0.8,48294,0.4050461841,-6.926821001,61241,0.0377497151,1.006000902,0.02160988641,2.271528285,0.02728121344,2.076340708,0.03172510363,1.983306374,0,0
NEPSE,A2+C,21,S3,o2+GK,0.8,48294,0.4091467122,-6.922720473,61241,0.04185024314,1.07426515,0.02571041446,2.38745288,0.03138174149,2.17703186,0.03582563167,2.069977217,0,0
NEPSE,A2+C,21,S3,YZ (daily form),0.8,48294,0.4105045399,-6.921362646,61241,0.04320807082,1.133023842,0.02706824213,2.6774459,0.03273956917,2.389171869,0.03718345935,2.242207738,0,0
NEPSE,A2+C,21,S3,"Anam, open-free special case (b=0)",0.75,48294,0.3733210805,-6.958546105,61241,0.006024611464,0.2442989215,-0.01011521722,-1.517632733,-0.004443890189,-1.433847792,0,,0,0
NEPSE,A2+C,21,S3,Anam,0.75,48294,0.3777649707,-6.954102215,61241,0.01046850165,0.396750446,-0.005671327031,-1.492941868,0,,0.004443890189,1.433847792,0,0
NEPSE,A2+C,21,S4,CC,0.6,48294,0.367296469,-6.964570716,61241,0,,-0.01613982868,-0.5203707335,-0.01046850165,-0.3877910102,-0.006024611464,-0.2541925805,0,0
NEPSE,A2+C,21,S4,P,0.75,48294,0.3834362977,-6.948430888,61241,0.01613982868,0.5203707335,0,,0.005671327031,1.280984297,0.01011521722,1.305309967,0,0
NEPSE,A2+C,21,S4,GK,0.75,48294,0.3893580833,-6.942509102,61241,0.02206161427,0.6672507478,0.005921785583,2.615506666,0.01159311261,1.801607452,0.0160370028,1.645415704,0,0
NEPSE,A2+C,21,S4,RS,0.75,48294,0.3984440828,-6.933423103,61241,0.0311476138,0.9384186132,0.01500778511,5.318302773,0.02067911214,3.012439367,0.02512300233,2.501368083,0,0
NEPSE,A2+C,21,S4,o2+P,0.8,48294,0.4050461841,-6.926821001,61241,0.0377497151,0.9028132716,0.02160988641,1.906364001,0.02728121344,1.738732835,0.03172510363,1.667680027,0,0
NEPSE,A2+C,21,S4,o2+GK,0.8,48294,0.4091467122,-6.922720473,61241,0.04185024314,0.9664547594,0.02571041446,2.029285819,0.03138174149,1.844030385,0.03582563167,1.75714987,0,0
NEPSE,A2+C,21,S4,YZ (daily form),0.8,48294,0.4105045399,-6.921362646,61241,0.04320807082,1.022327588,0.02706824213,2.314321836,0.03273956917,2.044519718,0.03718345935,1.919631712,0,0
NEPSE,A2+C,21,S4,"Anam, open-free special case (b=0)",0.75,48294,0.3733210805,-6.958546105,61241,0.006024611464,0.2541925805,-0.01011521722,-1.305309967,-0.004443890189,-1.251302589,0,,0,0
NEPSE,A2+C,21,S4,Anam,0.75,48294,0.3777649707,-6.954102215,61241,0.01046850165,0.3877910102,-0.005671327031,-1.280984297,0,,0.004443890189,1.251302589,0,0
NEPSE,A2,21,S0,CC,0.55,30889,0.3487580435,-6.812704668,66917,0,,0.02556343615,0.9554649868,0.02563716044,1.047956913,0.02573315004,1.119098724,,
NEPSE,A2,21,S0,P,0.65,30889,0.3231946074,-6.838268104,66917,-0.02556343615,-0.9554649868,0,,7.372429262e-05,0.05070623931,0.0001697138875,0.06402303708,,
NEPSE,A2,21,S0,GK,0.65,30889,0.3280112726,-6.833451439,66917,-0.02074677091,-0.7188504598,0.004816665243,2.063033377,0.004890389536,1.066715436,0.00498637913,0.8421178114,,
NEPSE,A2,21,S0,RS,0.65,30889,0.3356058813,-6.82585683,66917,-0.01315216223,-0.4446427123,0.01241127392,3.482774711,0.01248499821,2.268803946,0.01258098781,1.887981266,,
NEPSE,A2,21,S0,o2+P,0.7,30889,0.3282112719,-6.833251439,66917,-0.02054677157,-0.6262286877,0.005016664583,0.9000208459,0.005090388876,0.6613910505,0.005186378471,0.5750475886,,
NEPSE,A2,21,S0,o2+GK,0.7,30889,0.3310069484,-6.830455763,66917,-0.01775109514,-0.5149404324,0.007812341011,1.100249684,0.007886065304,0.8477745078,0.007982054899,0.7497093824,,
NEPSE,A2,21,S0,YZ (daily form),0.7,30889,0.3333336754,-6.828129036,66917,-0.01542436813,-0.453020664,0.01013906802,1.50498026,0.01021279231,1.147412125,0.01030878191,1.010032191,,
NEPSE,A2,21,S0,"Anam, open-free special case (b=0)",0.65,30889,0.3230248935,-6.838437818,66917,-0.02573315004,-1.119098724,-0.0001697138875,-0.06402303708,-9.598959492e-05,-0.08407450239,0,,,
NEPSE,A2,21,S0,Anam,0.65,30889,0.3231208831,-6.838341828,66917,-0.02563716044,-1.047956913,-7.372429262e-05,-0.05070623931,0,,9.598959492e-05,0.08407450239,,
NEPSE,A2,21,S1,CC,0.6,30889,0.3568912495,-6.804571462,61726,0,,0.03019842749,1.060390258,0.02477423322,1.004462105,0.02418234497,1.044263368,,
NEPSE,A2,21,S1,P,0.7,30889,0.326692822,-6.834769889,61726,-0.03019842749,-1.060390258,0,,-0.005424194267,-1.281167264,-0.006016082522,-1.03286076,,
NEPSE,A2,21,S1,GK,0.7,30889,0.3315510652,-6.829911646,61726,-0.02534018431,-0.8292478755,0.004858243184,2.098281808,-0.0005659510832,-0.07625663587,-0.001157839338,-0.1343328134,,
NEPSE,A2,21,S1,RS,0.7,30889,0.3397130754,-6.821749636,61726,-0.01717817403,-0.5505774116,0.01302025346,3.586466855,0.007596059196,1.169888308,0.00700417094,0.8951329983,,
NEPSE,A2,21,S1,o2+P,0.8,30889,0.3347478927,-6.826714818,61726,-0.02214335672,-0.652108194,0.008055070769,1.499762533,0.002630876502,0.3197915573,0.002038988247,0.2196883764,,
NEPSE,A2,21,S1,o2+GK,0.8,30889,0.3370491869,-6.824413524,61726,-0.01984206252,-0.5568201956,0.01035636497,1.52048548,0.0049321707,0.4942345694,0.004340282445,0.3853072104,,
NEPSE,A2,21,S1,YZ (daily form),0.8,30889,0.3399098857,-6.821552826,61726,-0.01698136376,-0.4809475252,0.01321706373,1.969346508,0.007792869467,0.8025372879,0.007200981211,0.653887851,,
NEPSE,A2,21,S1,"Anam, open-free special case (b=0)",0.75,30889,0.3327089045,-6.828753807,61726,-0.02418234497,-1.044263368,0.006016082522,1.03286076,0.0005918882552,0.3598419367,0,,,
NEPSE,A2,21,S1,Anam,0.75,30889,0.3321170162,-6.829345695,61726,-0.02477423322,-1.004462105,0.005424194267,1.281167264,0,,-0.0005918882552,-0.3598419367,,
NEPSE,A2,21,S2,CC,0.6,25061,0.3576718553,-6.790193929,61241,0,,0.03269340108,1.023546518,0.03067937055,1.060130297,0.02959964581,1.089743795,,
NEPSE,A2,21,S2,P,0.75,25061,0.3249784542,-6.82288733,61241,-0.03269340108,-1.023546518,0,,-0.002014030526,-0.6266268509,-0.003093755262,-0.6090059716,,
NEPSE,A2,21,S2,GK,0.75,25061,0.3264795278,-6.821386257,61241,-0.03119232753,-0.9024392862,0.001501073548,0.5051958504,-0.0005129569786,-0.09024653973,-0.001592681714,-0.2055420541,,
NEPSE,A2,21,S2,RS,0.75,25061,0.335494021,-6.812371764,61241,-0.02217783432,-0.6305531731,0.01051556676,2.238134133,0.008501536232,1.15003081,0.007421811497,0.826788949,,
NEPSE,A2,21,S2,o2+P,0.8,25061,0.3277121449,-6.82015364,61241,-0.02995971038,-0.7600043476,0.002733690694,0.3606366328,0.0007196601675,0.069117222,-0.0003600645681,-0.02754781242,,
NEPSE,A2,21,S2,o2+GK,0.8,25061,0.3289575904,-6.818908194,61241,-0.02871426493,-0.6964266138,0.003979136142,0.4198960614,0.001965105615,0.1563654993,0.0008853808796,0.06177265395,,
NEPSE,A2,21,S2,YZ (daily form),0.8,25061,0.3330049276,-6.814860857,61241,-0.02466692773,-0.6063823129,0.008026473349,0.8655253683,0.006012442822,0.492307718,0.004932718087,0.3543539178,,
NEPSE,A2,21,S2,"Anam, open-free special case (b=0)",0.75,25061,0.3280722095,-6.819793575,61241,-0.02959964581,-1.089743795,0.003093755262,0.6090059716,0.001079724736,0.5656918317,0,,,
NEPSE,A2,21,S2,Anam,0.75,25061,0.3269924848,-6.8208733,61241,-0.03067937055,-1.060130297,0.002014030526,0.6266268509,0,,-0.001079724736,-0.5656918317,,
NEPSE,A2,21,S3,CC,0.6,25061,0.3576718553,-6.790193929,61241,0,,0.03269340108,1.023546518,0.03067937055,1.060130297,0.02959964581,1.089743795,0,0
NEPSE,A2,21,S3,P,0.75,25061,0.3249784542,-6.82288733,61241,-0.03269340108,-1.023546518,0,,-0.002014030526,-0.6266268509,-0.003093755262,-0.6090059716,0,0
NEPSE,A2,21,S3,GK,0.75,25061,0.3264795278,-6.821386257,61241,-0.03119232753,-0.9024392862,0.001501073548,0.5051958504,-0.0005129569786,-0.09024653973,-0.001592681714,-0.2055420541,0,0
NEPSE,A2,21,S3,RS,0.75,25061,0.335494021,-6.812371764,61241,-0.02217783432,-0.6305531731,0.01051556676,2.238134133,0.008501536232,1.15003081,0.007421811497,0.826788949,0,0
NEPSE,A2,21,S3,o2+P,0.8,25061,0.3277121449,-6.82015364,61241,-0.02995971038,-0.7600043476,0.002733690694,0.3606366328,0.0007196601675,0.069117222,-0.0003600645681,-0.02754781242,0,0
NEPSE,A2,21,S3,o2+GK,0.8,25061,0.3289575904,-6.818908194,61241,-0.02871426493,-0.6964266138,0.003979136142,0.4198960614,0.001965105615,0.1563654993,0.0008853808796,0.06177265395,0,0
NEPSE,A2,21,S3,YZ (daily form),0.8,25061,0.3330049276,-6.814860857,61241,-0.02466692773,-0.6063823129,0.008026473349,0.8655253683,0.006012442822,0.492307718,0.004932718087,0.3543539178,0,0
NEPSE,A2,21,S3,"Anam, open-free special case (b=0)",0.75,25061,0.3280722095,-6.819793575,61241,-0.02959964581,-1.089743795,0.003093755262,0.6090059716,0.001079724736,0.5656918317,0,,0,0
NEPSE,A2,21,S3,Anam,0.75,25061,0.3269924848,-6.8208733,61241,-0.03067937055,-1.060130297,0.002014030526,0.6266268509,0,,-0.001079724736,-0.5656918317,0,0
NEPSE,A2,21,S4,CC,0.6,25061,0.3576718553,-6.790193929,61241,0,,0.03269340108,0.9358712484,0.03067937055,0.9661632228,0.02959964581,0.9955468035,0,0
NEPSE,A2,21,S4,P,0.75,25061,0.3249784542,-6.82288733,61241,-0.03269340108,-0.9358712484,0,,-0.002014030526,-0.615481342,-0.003093755262,-0.5835047481,0,0
NEPSE,A2,21,S4,GK,0.75,25061,0.3264795278,-6.821386257,61241,-0.03119232753,-0.8298788478,0.001501073548,0.5327011151,-0.0005129569786,-0.08472279483,-0.001592681714,-0.1979515007,0,0
NEPSE,A2,21,S4,RS,0.75,25061,0.335494021,-6.812371764,61241,-0.02217783432,-0.5878600675,0.01051556676,2.554139884,0.008501536232,1.239754622,0.007421811497,0.8618785149,0,0
NEPSE,A2,21,S4,o2+P,0.8,25061,0.3277121449,-6.82015364,61241,-0.02995971038,-0.6963333706,0.002733690694,0.3325658133,0.0007196601675,0.06318479089,-0.0003600645681,-0.02690839633,0,0
NEPSE,A2,21,S4,o2+GK,0.8,25061,0.3289575904,-6.818908194,61241,-0.02871426493,-0.6400174243,0.003979136142,0.3944104742,0.001965105615,0.1479287925,0.0008853808796,0.05798095078,0,0
NEPSE,A2,21,S4,YZ (daily form),0.8,25061,0.3330049276,-6.814860857,61241,-0.02466692773,-0.5603540118,0.008026473349,0.8448578922,0.006012442822,0.4760190255,0.004932718087,0.3387318808,0,0
NEPSE,A2,21,S4,"Anam, open-free special case (b=0)",0.75,25061,0.3280722095,-6.819793575,61241,-0.02959964581,-0.9955468035,0.003093755262,0.5835047481,0.001079724736,0.5243709398,0,,0,0
NEPSE,A2,21,S4,Anam,0.75,25061,0.3269924848,-6.8208733,61241,-0.03067937055,-0.9661632228,0.002014030526,0.615481342,0,,-0.001079724736,-0.5243709398,0,0
NEPSE,C,21,S0,CC,0.55,18023,0.3838229849,-7.244995505,66917,0,,-0.08953582111,-3.040644642,-0.06904793921,-2.468230337,-0.05737486267,-2.397026253,,
NEPSE,C,21,S0,P,0.65,18023,0.4733588061,-7.155459684,66917,0.08953582111,3.040644642,0,,0.02048788189,8.435855666,0.03216095844,5.421213688,,
NEPSE,C,21,S0,GK,0.65,18023,0.4897010571,-7.139117433,66917,0.1058780722,3.502507128,0.01634225106,10.59947036,0.03683013295,13.21719928,0.0485032095,7.534699818,,
NEPSE,C,21,S0,RS,0.65,18023,0.5020251316,-7.126793358,66917,0.1182021466,3.903259932,0.02866632553,9.874163754,0.04915420742,13.40514611,0.06082728397,8.839640393,,
NEPSE,C,21,S0,o2+P,0.7,18023,0.5121195928,-7.116698897,66917,0.1282966078,3.560247586,0.03876078674,4.501526219,0.05924866863,5.769534186,0.07092174518,5.045582337,,
NEPSE,C,21,S0,o2+GK,0.7,18023,0.5214254772,-7.107393013,66917,0.1376024923,3.656302778,0.0480666712,5.142820926,0.06855455309,6.220937887,0.08022762964,5.333677826,,
NEPSE,C,21,S0,YZ (daily form),0.7,18023,0.5203298462,-7.108488644,66917,0.1365068612,3.572977559,0.04697104011,4.79345883,0.067458922,5.870519197,0.07913199854,5.094278421,,
NEPSE,C,21,S0,"Anam, open-free special case (b=0)",0.65,18023,0.4411978476,-7.187620642,66917,0.05737486267,2.397026253,-0.03216095844,-5.421213688,-0.01167307655,-2.734723814,0,,,
NEPSE,C,21,S0,Anam,0.65,18023,0.4528709242,-7.175947566,66917,0.06904793921,2.468230337,-0.02048788189,-8.435855666,0,,0.01167307655,2.734723814,,
NEPSE,C,21,S1,CC,0.6,18023,0.3802328827,-7.248585607,61726,0,,-0.0917618745,-2.980915089,-0.06973283027,-2.517464448,-0.05633160975,-2.421907049,,
NEPSE,C,21,S1,P,0.7,18023,0.4719947572,-7.156823733,61726,0.0917618745,2.980915089,0,,0.02202904423,5.125650986,0.03543026476,4.289220982,,
NEPSE,C,21,S1,GK,0.7,18023,0.4876591501,-7.14115934,61726,0.1074262674,3.409501345,0.0156643929,9.743168959,0.03769343713,8.417042756,0.05109465765,5.950933795,,
NEPSE,C,21,S1,RS,0.7,18023,0.5003600644,-7.128458426,61726,0.1201271817,3.836107714,0.02836530719,9.227445683,0.05039435142,10.67885558,0.06379557195,7.415470925,,
NEPSE,C,21,S1,o2+P,0.8,18023,0.5174855269,-7.111332963,61726,0.1372526442,3.777230753,0.04549076972,5.379077293,0.06751981395,5.850746867,0.08092103447,5.155785093,,
NEPSE,C,21,S1,o2+GK,0.8,18023,0.5250367669,-7.103781723,61726,0.1448038842,3.78062041,0.05304200965,5.799013385,0.07507105388,6.030588873,0.08847227441,5.237262376,,
NEPSE,C,21,S1,YZ (daily form),0.8,18023,0.5239017432,-7.104916747,61726,0.1436688605,3.699880558,0.05190698599,5.453851052,0.07393603022,5.75853181,0.08733725075,5.045571123,,
NEPSE,C,21,S1,"Anam, open-free special case (b=0)",0.75,18023,0.4365644925,-7.192253998,61726,0.05633160975,2.421907049,-0.03543026476,-4.289220982,-0.01340122053,-2.804360782,0,,,
NEPSE,C,21,S1,Anam,0.75,18023,0.449965713,-7.178852777,61726,0.06973283027,2.517464448,-0.02202904423,-5.125650986,0,,0.01340122053,2.804360782,,
NEPSE,C,21,S2,CC,0.6,17843,0.3828158946,-7.246507662,61241,0,,-0.08624662343,-2.864167511,-0.06836302847,-2.417311333,-0.05537621321,-2.331045924,,
NEPSE,C,21,S2,P,0.75,17843,0.469062518,-7.160261039,61241,0.08624662343,2.864167511,0,,0.01788359496,6.646604952,0.03087041022,4.495955129,,
NEPSE,C,21,S2,GK,0.75,17843,0.4797828886,-7.149540668,61241,0.096966994,3.100351792,0.01072037057,4.599463798,0.02860396553,8.783866472,0.04159078079,5.489892755,,
NEPSE,C,21,S2,RS,0.75,17843,0.4903848754,-7.138938681,61241,0.1075689808,3.429484201,0.02132235738,5.545879811,0.03920595234,9.549174087,0.0521927676,6.578731096,,
NEPSE,C,21,S2,o2+P,0.8,17843,0.519970896,-7.109352661,61241,0.1371550014,3.731679833,0.05090837801,5.472458643,0.06879197297,6.055613367,0.08177878823,5.258204535,,
NEPSE,C,21,S2,o2+GK,0.8,17843,0.5272411032,-7.102082453,61241,0.1444252086,3.73239243,0.05817858519,5.773413932,0.07606218015,6.22660411,0.08904899541,5.326703485,,
NEPSE,C,21,S2,YZ (daily form),0.8,17843,0.5260098781,-7.103313679,61241,0.1431939835,3.646696501,0.05694736009,5.419987236,0.07483095504,5.909230788,0.08781777031,5.108642798,,
NEPSE,C,21,S2,"Anam, open-free special case (b=0)",0.75,17843,0.4381921078,-7.191131449,61241,0.05537621321,2.331045924,-0.03087041022,-4.495955129,-0.01298681526,-2.675622036,0,,,
NEPSE,C,21,S2,Anam,0.75,17843,0.4511789231,-7.178144634,61241,0.06836302847,2.417311333,-0.01788359496,-6.646604952,0,,0.01298681526,2.675622036,,
NEPSE,C,21,S3,CC,0.6,17843,0.3828158946,-7.246507662,61241,0,,-0.08624662343,-2.864167511,-0.06836302847,-2.417311333,-0.05537621321,-2.331045924,0,0
NEPSE,C,21,S3,P,0.75,17843,0.469062518,-7.160261039,61241,0.08624662343,2.864167511,0,,0.01788359496,6.646604952,0.03087041022,4.495955129,0,0
NEPSE,C,21,S3,GK,0.75,17843,0.4797828886,-7.149540668,61241,0.096966994,3.100351792,0.01072037057,4.599463798,0.02860396553,8.783866472,0.04159078079,5.489892755,0,0
NEPSE,C,21,S3,RS,0.75,17843,0.4903848754,-7.138938681,61241,0.1075689808,3.429484201,0.02132235738,5.545879811,0.03920595234,9.549174087,0.0521927676,6.578731096,0,0
NEPSE,C,21,S3,o2+P,0.8,17843,0.519970896,-7.109352661,61241,0.1371550014,3.731679833,0.05090837801,5.472458643,0.06879197297,6.055613367,0.08177878823,5.258204535,0,0
NEPSE,C,21,S3,o2+GK,0.8,17843,0.5272411032,-7.102082453,61241,0.1444252086,3.73239243,0.05817858519,5.773413932,0.07606218015,6.22660411,0.08904899541,5.326703485,0,0
NEPSE,C,21,S3,YZ (daily form),0.8,17843,0.5260098781,-7.103313679,61241,0.1431939835,3.646696501,0.05694736009,5.419987236,0.07483095504,5.909230788,0.08781777031,5.108642798,0,0
NEPSE,C,21,S3,"Anam, open-free special case (b=0)",0.75,17843,0.4381921078,-7.191131449,61241,0.05537621321,2.331045924,-0.03087041022,-4.495955129,-0.01298681526,-2.675622036,0,,0,0
NEPSE,C,21,S3,Anam,0.75,17843,0.4511789231,-7.178144634,61241,0.06836302847,2.417311333,-0.01788359496,-6.646604952,0,,0.01298681526,2.675622036,0,0
NEPSE,C,21,S4,CC,0.6,17843,0.3828158946,-7.246507662,61241,0,,-0.08624662343,-3.007070661,-0.06836302847,-2.491205581,-0.05537621321,-2.460800267,0,0
NEPSE,C,21,S4,P,0.75,17843,0.469062518,-7.160261039,61241,0.08624662343,3.007070661,0,,0.01788359496,10.32961491,0.03087041022,4.744809372,0,0
NEPSE,C,21,S4,GK,0.75,17843,0.4797828886,-7.149540668,61241,0.096966994,3.273298086,0.01072037057,6.3948757,0.02860396553,12.36853411,0.04159078079,5.786641205,0,0
NEPSE,C,21,S4,RS,0.75,17843,0.4903848754,-7.138938681,61241,0.1075689808,3.655889466,0.02132235738,10.3840681,0.03920595234,15.5986617,0.0521927676,7.311965099,0,0
NEPSE,C,21,S4,o2+P,0.8,17843,0.519970896,-7.109352661,61241,0.1371550014,3.798743675,0.05090837801,5.656993724,0.06879197297,6.539425801,0.08177878823,5.385750582,0,0
NEPSE,C,21,S4,o2+GK,0.8,17843,0.5272411032,-7.102082453,61241,0.1444252086,3.813030606,0.05817858519,5.771077361,0.07606218015,6.560536716,0.08904899541,5.401054894,0,0
NEPSE,C,21,S4,YZ (daily form),0.8,17843,0.5260098781,-7.103313679,61241,0.1431939835,3.74175147,0.05694736009,5.438828576,0.07483095504,6.242311942,0.08781777031,5.201704077,0,0
NEPSE,C,21,S4,"Anam, open-free special case (b=0)",0.75,17843,0.4381921078,-7.191131449,61241,0.05537621321,2.460800267,-0.03087041022,-4.744809372,-0.01298681526,-2.542880133,0,,0,0
NEPSE,C,21,S4,Anam,0.75,17843,0.4511789231,-7.178144634,61241,0.06836302847,2.491205581,-0.01788359496,-10.32961491,0,,0.01298681526,2.542880133,0,0
NIFTY50,test half,5,S0,CC,0.4,2013,0.4724807227,-8.329568869,1900,0,,0.01783608927,1.905941174,0.04106098708,3.068232343,0.03512983591,3.310123716,,
NIFTY50,test half,5,S0,P,0.5,2013,0.4546446335,-8.347404958,1900,-0.01783608927,-1.905941174,0,,0.02322489781,1.911934073,0.01729374664,1.72422122,,
NIFTY50,test half,5,S0,GK,0.5,2013,0.4488496153,-8.353199977,1900,-0.02363110745,-2.442836815,-0.005795018187,-1.466164782,0.01742987963,1.789700461,0.01149872845,1.433973466,,
NIFTY50,test half,5,S0,RS,0.35,2013,0.4774354156,-8.324614176,1900,0.004954692911,0.5130205741,0.02279078218,3.699480739,0.04601567999,3.259293241,0.04008452882,3.145276044,,
NIFTY50,test half,5,S0,o2+P,0.5,2013,0.4389256193,-8.363123973,1900,-0.03355510347,-2.76815133,-0.0157190142,-1.370175684,0.007505883617,3.185237899,0.001574732439,0.3044583734,,
NIFTY50,test half,5,S0,o2+GK,0.5,2013,0.437279582,-8.36477001,1900,-0.03520114076,-2.612586828,-0.01736505149,-1.352577379,0.005859846321,1.925228445,-7.130485621e-05,-0.01146167538,,
NIFTY50,test half,5,S0,YZ (daily form),0.4,2013,0.4545292107,-8.347520381,1900,-0.01795151208,-1.625945717,-0.0001154228132,-0.01086860663,0.023109475,3.991598172,0.01717832382,2.388424595,,
NIFTY50,test half,5,S0,"Anam, open-free special case (b=0)",0.55,2013,0.4373508868,-8.364698705,1900,-0.03512983591,-3.310123716,-0.01729374664,-1.72422122,0.005931151178,1.241407,0,,,
NIFTY50,test half,5,S0,Anam,0.55,2013,0.4314197357,-8.370629856,1900,-0.04106098708,-3.068232343,-0.02322489781,-1.911934073,0,,-0.005931151178,-1.241407,,
NIFTY50,test half,5,S1,CC,0.4,2013,0.4724807227,-8.329568869,1895,0,,0.01783608927,1.905941174,0.04106098708,3.068232343,0.03512983591,3.310123716,,
NIFTY50,test half,5,S1,P,0.5,2013,0.4546446335,-8.347404958,1895,-0.01783608927,-1.905941174,0,,0.02322489781,1.911934073,0.01729374664,1.72422122,,
NIFTY50,test half,5,S1,GK,0.5,2013,0.4488496153,-8.353199977,1895,-0.02363110745,-2.442836815,-0.005795018187,-1.466164782,0.01742987963,1.789700461,0.01149872845,1.433973466,,
NIFTY50,test half,5,S1,RS,0.35,2013,0.4774354156,-8.324614176,1895,0.004954692911,0.5130205741,0.02279078218,3.699480739,0.04601567999,3.259293241,0.04008452882,3.145276044,,
NIFTY50,test half,5,S1,o2+P,0.5,2013,0.4389256193,-8.363123973,1895,-0.03355510347,-2.76815133,-0.0157190142,-1.370175684,0.007505883617,3.185237899,0.001574732439,0.3044583734,,
NIFTY50,test half,5,S1,o2+GK,0.5,2013,0.437279582,-8.36477001,1895,-0.03520114076,-2.612586828,-0.01736505149,-1.352577379,0.005859846321,1.925228445,-7.130485621e-05,-0.01146167538,,
NIFTY50,test half,5,S1,YZ (daily form),0.4,2013,0.4545292107,-8.347520381,1895,-0.01795151208,-1.625945717,-0.0001154228132,-0.01086860663,0.023109475,3.991598172,0.01717832382,2.388424595,,
NIFTY50,test half,5,S1,"Anam, open-free special case (b=0)",0.55,2013,0.4373508868,-8.364698705,1895,-0.03512983591,-3.310123716,-0.01729374664,-1.72422122,0.005931151178,1.241407,0,,,
NIFTY50,test half,5,S1,Anam,0.55,2013,0.4314197357,-8.370629856,1895,-0.04106098708,-3.068232343,-0.02322489781,-1.911934073,0,,-0.005931151178,-1.241407,,
NIFTY50,test half,5,S2,CC,0.4,2013,0.4724807227,-8.329568869,1895,0,,0.01783608927,1.905941174,0.04106098708,3.068232343,0.03512983591,3.310123716,,
NIFTY50,test half,5,S2,P,0.5,2013,0.4546446335,-8.347404958,1895,-0.01783608927,-1.905941174,0,,0.02322489781,1.911934073,0.01729374664,1.72422122,,
NIFTY50,test half,5,S2,GK,0.5,2013,0.4488496153,-8.353199977,1895,-0.02363110745,-2.442836815,-0.005795018187,-1.466164782,0.01742987963,1.789700461,0.01149872845,1.433973466,,
NIFTY50,test half,5,S2,RS,0.35,2013,0.4774354156,-8.324614176,1895,0.004954692911,0.5130205741,0.02279078218,3.699480739,0.04601567999,3.259293241,0.04008452882,3.145276044,,
NIFTY50,test half,5,S2,o2+P,0.5,2013,0.4389256193,-8.363123973,1895,-0.03355510347,-2.76815133,-0.0157190142,-1.370175684,0.007505883617,3.185237899,0.001574732439,0.3044583734,,
NIFTY50,test half,5,S2,o2+GK,0.5,2013,0.437279582,-8.36477001,1895,-0.03520114076,-2.612586828,-0.01736505149,-1.352577379,0.005859846321,1.925228445,-7.130485621e-05,-0.01146167538,,
NIFTY50,test half,5,S2,YZ (daily form),0.4,2013,0.4545292107,-8.347520381,1895,-0.01795151208,-1.625945717,-0.0001154228132,-0.01086860663,0.023109475,3.991598172,0.01717832382,2.388424595,,
NIFTY50,test half,5,S2,"Anam, open-free special case (b=0)",0.55,2013,0.4373508868,-8.364698705,1895,-0.03512983591,-3.310123716,-0.01729374664,-1.72422122,0.005931151178,1.241407,0,,,
NIFTY50,test half,5,S2,Anam,0.55,2013,0.4314197357,-8.370629856,1895,-0.04106098708,-3.068232343,-0.02322489781,-1.911934073,0,,-0.005931151178,-1.241407,,
NIFTY50,test half,5,S3,CC,0.4,2013,0.4724807227,-8.329568869,1895,0,,0.01783608927,1.905941174,0.04106098708,3.068232343,0.03512983591,3.310123716,0,0
NIFTY50,test half,5,S3,P,0.5,2013,0.4546446335,-8.347404958,1895,-0.01783608927,-1.905941174,0,,0.02322489781,1.911934073,0.01729374664,1.72422122,0,0
NIFTY50,test half,5,S3,GK,0.5,2013,0.4488496153,-8.353199977,1895,-0.02363110745,-2.442836815,-0.005795018187,-1.466164782,0.01742987963,1.789700461,0.01149872845,1.433973466,0,0
NIFTY50,test half,5,S3,RS,0.35,2013,0.4774354156,-8.324614176,1895,0.004954692911,0.5130205741,0.02279078218,3.699480739,0.04601567999,3.259293241,0.04008452882,3.145276044,0,0
NIFTY50,test half,5,S3,o2+P,0.5,2013,0.4389256193,-8.363123973,1895,-0.03355510347,-2.76815133,-0.0157190142,-1.370175684,0.007505883617,3.185237899,0.001574732439,0.3044583734,0,0
NIFTY50,test half,5,S3,o2+GK,0.5,2013,0.437279582,-8.36477001,1895,-0.03520114076,-2.612586828,-0.01736505149,-1.352577379,0.005859846321,1.925228445,-7.130485621e-05,-0.01146167538,0,0
NIFTY50,test half,5,S3,YZ (daily form),0.4,2013,0.4545292107,-8.347520381,1895,-0.01795151208,-1.625945717,-0.0001154228132,-0.01086860663,0.023109475,3.991598172,0.01717832382,2.388424595,0,0
NIFTY50,test half,5,S3,"Anam, open-free special case (b=0)",0.55,2013,0.4373508868,-8.364698705,1895,-0.03512983591,-3.310123716,-0.01729374664,-1.72422122,0.005931151178,1.241407,0,,0,0
NIFTY50,test half,5,S3,Anam,0.55,2013,0.4314197357,-8.370629856,1895,-0.04106098708,-3.068232343,-0.02322489781,-1.911934073,0,,-0.005931151178,-1.241407,0,0
NIFTY50,test half,5,S4,CC,0.4,2013,0.4724807227,-8.329568869,1895,0,,0.01783608927,1.976421464,0.04106098708,2.913599913,0.03512983591,2.993885671,0,0
NIFTY50,test half,5,S4,P,0.5,2013,0.4546446335,-8.347404958,1895,-0.01783608927,-1.976421464,0,,0.02322489781,1.826275682,0.01729374664,1.578258403,0,0
NIFTY50,test half,5,S4,GK,0.5,2013,0.4488496153,-8.353199977,1895,-0.02363110745,-2.554838644,-0.005795018187,-1.559151949,0.01742987963,1.662869486,0.01149872845,1.290458202,0,0
NIFTY50,test half,5,S4,RS,0.35,2013,0.4774354156,-8.324614176,1895,0.004954692911,0.5115235596,0.02279078218,3.476972648,0.04601567999,2.848103832,0.04008452882,2.679586476,0,0
NIFTY50,test half,5,S4,o2+P,0.5,2013,0.4389256193,-8.363123973,1895,-0.03355510347,-2.688331081,-0.0157190142,-1.342676804,0.007505883617,2.851417956,0.001574732439,0.2991212433,0,0
NIFTY50,test half,5,S4,o2+GK,0.5,2013,0.437279582,-8.36477001,1895,-0.03520114076,-2.571341376,-0.01736505149,-1.346593303,0.005859846321,1.95159573,-7.130485621e-05,-0.01200698553,0,0
NIFTY50,test half,5,S4,YZ (daily form),0.4,2013,0.4545292107,-8.347520381,1895,-0.01795151208,-1.660705194,-0.0001154228132,-0.01137831492,0.023109475,3.486667694,0.01717832382,2.203157258,0,0
NIFTY50,test half,5,S4,"Anam, open-free special case (b=0)",0.55,2013,0.4373508868,-8.364698705,1895,-0.03512983591,-2.993885671,-0.01729374664,-1.578258403,0.005931151178,1.251941106,0,,0,0
NIFTY50,test half,5,S4,Anam,0.55,2013,0.4314197357,-8.370629856,1895,-0.04106098708,-2.913599913,-0.02322489781,-1.826275682,0,,-0.005931151178,-1.251941106,0,0
NIFTY50,test half,21,S0,CC,0.65,1997,0.413644282,-8.163230149,1900,0,,-0.06958181323,-1.153187615,0.0005138031387,0.03964334195,-0.005396148383,-0.3376933194,,
NIFTY50,test half,21,S0,P,0.5,1997,0.4832260953,-8.093648335,1900,0.06958181323,1.153187615,0,,0.07009561637,1.331418734,0.06418566485,1.409118296,,
NIFTY50,test half,21,S0,GK,0.35,1997,0.5032557557,-8.073618675,1900,0.08961147371,1.423935223,0.02002966048,2.768534054,0.09012527685,1.636478814,0.08421532533,1.732629811,,
NIFTY50,test half,21,S0,RS,0.1,1997,0.5444829382,-8.032391492,1900,0.1308386562,1.892959916,0.06125684295,2.267653428,0.1313524593,2.15543292,0.1254425078,2.203045692,,
NIFTY50,test half,21,S0,o2+P,0.5,1997,0.4200486506,-8.15682578,1900,0.006404368521,0.4116338273,-0.06317744471,-1.253406969,0.00691817166,1.696297752,0.001008220138,0.1035808633,,
NIFTY50,test half,21,S0,o2+GK,0.4,1997,0.4401599323,-8.136714498,1900,0.02651565026,1.194997036,-0.04306616297,-1.010874133,0.0270294534,2.237415622,0.02111950188,1.887005558,,
NIFTY50,test half,21,S0,YZ (daily form),0.3,1997,0.4610646243,-8.115809806,1900,0.04742034231,1.583250437,-0.02216147092,-0.6071072885,0.04793414545,2.328784559,0.04202419393,2.276472928,,
NIFTY50,test half,21,S0,"Anam, open-free special case (b=0)",0.6,1997,0.4190404304,-8.157834,1900,0.005396148383,0.3376933194,-0.06418566485,-1.409118296,0.005909951522,0.5974844094,0,,,
NIFTY50,test half,21,S0,Anam,0.55,1997,0.4131304789,-8.163743952,1900,-0.0005138031387,-0.03964334195,-0.07009561637,-1.331418734,0,,-0.005909951522,-0.5974844094,,
NIFTY50,test half,21,S1,CC,0.65,1997,0.413644282,-8.163230149,1879,0,,-0.07392476253,-1.236736082,0.0005138031387,0.03964334195,-0.005396148383,-0.3376933194,,
NIFTY50,test half,21,S1,P,0.45,1997,0.4875690446,-8.089305386,1879,0.07392476253,1.236736082,0,,0.07443856567,1.433594033,0.06852861415,1.518444031,,
NIFTY50,test half,21,S1,GK,0.3,1997,0.5089170452,-8.067957385,1879,0.09527276312,1.518886279,0.02134800059,2.760666416,0.09578656626,1.750318891,0.08987661474,1.845973854,,
NIFTY50,test half,21,S1,RS,0.1,1997,0.5444829382,-8.032391492,1879,0.1308386562,1.892959916,0.05691389365,2.322430444,0.1313524593,2.15543292,0.1254425078,2.203045692,,
NIFTY50,test half,21,S1,o2+P,0.5,1997,0.4200486506,-8.15682578,1879,0.006404368521,0.4116338273,-0.06752039401,-1.361473788,0.00691817166,1.696297752,0.001008220138,0.1035808633,,
NIFTY50,test half,21,S1,o2+GK,0.4,1997,0.4401599323,-8.136714498,1879,0.02651565026,1.194997036,-0.04740911227,-1.140196779,0.0270294534,2.237415622,0.02111950188,1.887005558,,
NIFTY50,test half,21,S1,YZ (daily form),0.25,1997,0.4745320591,-8.102342372,1879,0.06088777707,1.720772821,-0.01303698546,-0.4185628405,0.06140158021,2.330639438,0.05549162869,2.332111507,,
NIFTY50,test half,21,S1,"Anam, open-free special case (b=0)",0.6,1997,0.4190404304,-8.157834,1879,0.005396148383,0.3376933194,-0.06852861415,-1.518444031,0.005909951522,0.5974844094,0,,,
NIFTY50,test half,21,S1,Anam,0.55,1997,0.4131304789,-8.163743952,1879,-0.0005138031387,-0.03964334195,-0.07443856567,-1.433594033,0,,-0.005909951522,-0.5974844094,,
NIFTY50,test half,21,S2,CC,0.65,1997,0.413644282,-8.163230149,1879,0,,-0.07392476253,-1.236736082,0.0005138031387,0.03964334195,-0.005396148383,-0.3376933194,,
NIFTY50,test half,21,S2,P,0.45,1997,0.4875690446,-8.089305386,1879,0.07392476253,1.236736082,0,,0.07443856567,1.433594033,0.06852861415,1.518444031,,
NIFTY50,test half,21,S2,GK,0.3,1997,0.5089170452,-8.067957385,1879,0.09527276312,1.518886279,0.02134800059,2.760666416,0.09578656626,1.750318891,0.08987661474,1.845973854,,
NIFTY50,test half,21,S2,RS,0.1,1997,0.5444829382,-8.032391492,1879,0.1308386562,1.892959916,0.05691389365,2.322430444,0.1313524593,2.15543292,0.1254425078,2.203045692,,
NIFTY50,test half,21,S2,o2+P,0.5,1997,0.4200486506,-8.15682578,1879,0.006404368521,0.4116338273,-0.06752039401,-1.361473788,0.00691817166,1.696297752,0.001008220138,0.1035808633,,
NIFTY50,test half,21,S2,o2+GK,0.4,1997,0.4401599323,-8.136714498,1879,0.02651565026,1.194997036,-0.04740911227,-1.140196779,0.0270294534,2.237415622,0.02111950188,1.887005558,,
NIFTY50,test half,21,S2,YZ (daily form),0.25,1997,0.4745320591,-8.102342372,1879,0.06088777707,1.720772821,-0.01303698546,-0.4185628405,0.06140158021,2.330639438,0.05549162869,2.332111507,,
NIFTY50,test half,21,S2,"Anam, open-free special case (b=0)",0.6,1997,0.4190404304,-8.157834,1879,0.005396148383,0.3376933194,-0.06852861415,-1.518444031,0.005909951522,0.5974844094,0,,,
NIFTY50,test half,21,S2,Anam,0.55,1997,0.4131304789,-8.163743952,1879,-0.0005138031387,-0.03964334195,-0.07443856567,-1.433594033,0,,-0.005909951522,-0.5974844094,,
NIFTY50,test half,21,S3,CC,0.65,1997,0.413644282,-8.163230149,1879,0,,-0.07392476253,-1.236736082,0.0005138031387,0.03964334195,-0.005396148383,-0.3376933194,0,0
NIFTY50,test half,21,S3,P,0.45,1997,0.4875690446,-8.089305386,1879,0.07392476253,1.236736082,0,,0.07443856567,1.433594033,0.06852861415,1.518444031,0,0
NIFTY50,test half,21,S3,GK,0.3,1997,0.5089170452,-8.067957385,1879,0.09527276312,1.518886279,0.02134800059,2.760666416,0.09578656626,1.750318891,0.08987661474,1.845973854,0,0
NIFTY50,test half,21,S3,RS,0.1,1997,0.5444829382,-8.032391492,1879,0.1308386562,1.892959916,0.05691389365,2.322430444,0.1313524593,2.15543292,0.1254425078,2.203045692,0,0
NIFTY50,test half,21,S3,o2+P,0.5,1997,0.4200486506,-8.15682578,1879,0.006404368521,0.4116338273,-0.06752039401,-1.361473788,0.00691817166,1.696297752,0.001008220138,0.1035808633,0,0
NIFTY50,test half,21,S3,o2+GK,0.4,1997,0.4401599323,-8.136714498,1879,0.02651565026,1.194997036,-0.04740911227,-1.140196779,0.0270294534,2.237415622,0.02111950188,1.887005558,0,0
NIFTY50,test half,21,S3,YZ (daily form),0.25,1997,0.4745320591,-8.102342372,1879,0.06088777707,1.720772821,-0.01303698546,-0.4185628405,0.06140158021,2.330639438,0.05549162869,2.332111507,0,0
NIFTY50,test half,21,S3,"Anam, open-free special case (b=0)",0.6,1997,0.4190404304,-8.157834,1879,0.005396148383,0.3376933194,-0.06852861415,-1.518444031,0.005909951522,0.5974844094,0,,0,0
NIFTY50,test half,21,S3,Anam,0.55,1997,0.4131304789,-8.163743952,1879,-0.0005138031387,-0.03964334195,-0.07443856567,-1.433594033,0,,-0.005909951522,-0.5974844094,0,0
NIFTY50,test half,21,S4,CC,0.65,1997,0.413644282,-8.163230149,1879,0,,-0.07392476253,-1.147212186,0.0005138031387,0.03718474046,-0.005396148383,-0.3098119745,0,0
NIFTY50,test half,21,S4,P,0.45,1997,0.4875690446,-8.089305386,1879,0.07392476253,1.147212186,0,,0.07443856567,1.321090287,0.06852861415,1.413743291,0,0
NIFTY50,test half,21,S4,GK,0.3,1997,0.5089170452,-8.067957385,1879,0.09527276312,1.413852933,0.02134800059,3.070988298,0.09578656626,1.617316058,0.08987661474,1.733991574,0,0
NIFTY50,test half,21,S4,RS,0.1,1997,0.5444829382,-8.032391492,1879,0.1308386562,1.782478108,0.05691389365,2.820838986,0.1313524593,2.012462245,0.1254425078,2.124322524,0,0
NIFTY50,test half,21,S4,o2+P,0.5,1997,0.4200486506,-8.15682578,1879,0.006404368521,0.3883586847,-0.06752039401,-1.253220979,0.00691817166,1.634643645,0.001008220138,0.1094589248,0,0
NIFTY50,test half,21,S4,o2+GK,0.4,1997,0.4401599323,-8.136714498,1879,0.02651565026,1.129515636,-0.04740911227,-1.049348009,0.0270294534,2.123219538,0.02111950188,2.121302088,0,0
NIFTY50,test half,21,S4,YZ (daily form),0.25,1997,0.4745320591,-8.102342372,1879,0.06088777707,1.653105057,-0.01303698546,-0.3973782119,0.06140158021,2.235956173,0.05549162869,2.453635129,0,0
NIFTY50,test half,21,S4,"Anam, open-free special case (b=0)",0.6,1997,0.4190404304,-8.157834,1879,0.005396148383,0.3098119745,-0.06852861415,-1.413743291,0.005909951522,0.5867558568,0,,0,0
NIFTY50,test half,21,S4,Anam,0.55,1997,0.4131304789,-8.163743952,1879,-0.0005138031387,-0.03718474046,-0.07443856567,-1.321090287,0,,-0.005909951522,-0.5867558568,0,0
SP500,test half,5,S0,CC,0.45,2510,0.5218963746,-8.385225342,2397,0,,0.05874812226,5.360213301,0.05710492661,6.389225109,0.05378964539,7.101546765,,
SP500,test half,5,S0,P,0.65,2510,0.4631482523,-8.443973465,2397,-0.05874812226,-5.360213301,0,,-0.001643195644,-0.4422523186,-0.004958476871,-0.8487015861,,
SP500,test half,5,S0,GK,0.7,2510,0.4574877147,-8.449634002,2397,-0.06440865989,-4.697410441,-0.005660537633,-1.326714986,-0.007303733277,-1.125771519,-0.0106190145,-1.196714228,,
SP500,test half,5,S0,RS,0.6,2510,0.4910713035,-8.416050413,2397,-0.03082507108,-1.8089482,0.02792305118,2.556859593,0.02627985553,2.027752568,0.02296457431,1.519711665,,
SP500,test half,5,S0,o2+P,0.65,2510,0.464791448,-8.442330269,2397,-0.05710492661,-6.389225109,0.001643195644,0.4422523186,-7.077118882e-19,-1.003822113,-0.003315281227,-0.976528468,,
SP500,test half,5,S0,o2+GK,0.7,2510,0.4583019603,-8.448819757,2397,-0.06359441425,-5.660420601,-0.004846291993,-0.9674197,-0.006489487637,-1.718109667,-0.009804768863,-1.593085537,,
SP500,test half,5,S0,YZ (daily form),0.7,2510,0.4586144805,-8.448507237,2397,-0.0632818941,-5.448833959,-0.004533771841,-0.9260901757,-0.006176967485,-1.403728843,-0.009492248712,-1.378246663,,
SP500,test half,5,S0,"Anam, open-free special case (b=0)",0.65,2510,0.4681067292,-8.439014988,2397,-0.05378964539,-7.101546765,0.004958476871,0.8487015861,0.003315281227,0.976528468,0,,,
SP500,test half,5,S0,Anam,0.65,2510,0.464791448,-8.442330269,2397,-0.05710492661,-6.389225109,0.001643195644,0.4422523186,0,,-0.003315281227,-0.976528468,,
SP500,test half,5,S1,CC,0.45,2510,0.5218963746,-8.385225342,2392,0,,0.05874812226,5.360213301,0.05710492661,6.389225109,0.05378964539,7.101546765,,
SP500,test half,5,S1,P,0.65,2510,0.4631482523,-8.443973465,2392,-0.05874812226,-5.360213301,0,,-0.001643195644,-0.4422523186,-0.004958476871,-0.8487015861,,
SP500,test half,5,S1,GK,0.7,2510,0.4574877147,-8.449634002,2392,-0.06440865989,-4.697410441,-0.005660537633,-1.326714986,-0.007303733277,-1.125771519,-0.0106190145,-1.196714228,,
SP500,test half,5,S1,RS,0.6,2510,0.4910713035,-8.416050413,2392,-0.03082507108,-1.8089482,0.02792305118,2.556859593,0.02627985553,2.027752568,0.02296457431,1.519711665,,
SP500,test half,5,S1,o2+P,0.65,2510,0.464791448,-8.442330269,2392,-0.05710492661,-6.389225109,0.001643195644,0.4422523186,-7.077118882e-19,-1.003822113,-0.003315281227,-0.976528468,,
SP500,test half,5,S1,o2+GK,0.7,2510,0.4583019603,-8.448819757,2392,-0.06359441425,-5.660420601,-0.004846291993,-0.9674197,-0.006489487637,-1.718109667,-0.009804768863,-1.593085537,,
SP500,test half,5,S1,YZ (daily form),0.7,2510,0.4586144805,-8.448507237,2392,-0.0632818941,-5.448833959,-0.004533771841,-0.9260901757,-0.006176967485,-1.403728843,-0.009492248712,-1.378246663,,
SP500,test half,5,S1,"Anam, open-free special case (b=0)",0.65,2510,0.4681067292,-8.439014988,2392,-0.05378964539,-7.101546765,0.004958476871,0.8487015861,0.003315281227,0.976528468,0,,,
SP500,test half,5,S1,Anam,0.65,2510,0.464791448,-8.442330269,2392,-0.05710492661,-6.389225109,0.001643195644,0.4422523186,0,,-0.003315281227,-0.976528468,,
SP500,test half,5,S2,CC,0.45,2510,0.5218963746,-8.385225342,2392,0,,0.05874812226,5.360213301,0.05710492661,6.389225109,0.05378964539,7.101546765,,
SP500,test half,5,S2,P,0.65,2510,0.4631482523,-8.443973465,2392,-0.05874812226,-5.360213301,0,,-0.001643195644,-0.4422523186,-0.004958476871,-0.8487015861,,
SP500,test half,5,S2,GK,0.7,2510,0.4574877147,-8.449634002,2392,-0.06440865989,-4.697410441,-0.005660537633,-1.326714986,-0.007303733277,-1.125771519,-0.0106190145,-1.196714228,,
SP500,test half,5,S2,RS,0.6,2510,0.4910713035,-8.416050413,2392,-0.03082507108,-1.8089482,0.02792305118,2.556859593,0.02627985553,2.027752568,0.02296457431,1.519711665,,
SP500,test half,5,S2,o2+P,0.65,2510,0.464791448,-8.442330269,2392,-0.05710492661,-6.389225109,0.001643195644,0.4422523186,-7.077118882e-19,-1.003822113,-0.003315281227,-0.976528468,,
SP500,test half,5,S2,o2+GK,0.7,2510,0.4583019603,-8.448819757,2392,-0.06359441425,-5.660420601,-0.004846291993,-0.9674197,-0.006489487637,-1.718109667,-0.009804768863,-1.593085537,,
SP500,test half,5,S2,YZ (daily form),0.7,2510,0.4586144805,-8.448507237,2392,-0.0632818941,-5.448833959,-0.004533771841,-0.9260901757,-0.006176967485,-1.403728843,-0.009492248712,-1.378246663,,
SP500,test half,5,S2,"Anam, open-free special case (b=0)",0.65,2510,0.4681067292,-8.439014988,2392,-0.05378964539,-7.101546765,0.004958476871,0.8487015861,0.003315281227,0.976528468,0,,,
SP500,test half,5,S2,Anam,0.65,2510,0.464791448,-8.442330269,2392,-0.05710492661,-6.389225109,0.001643195644,0.4422523186,0,,-0.003315281227,-0.976528468,,
SP500,test half,5,S3,CC,0.45,2510,0.5218963746,-8.385225342,2392,0,,0.05874812226,5.360213301,0.05710492661,6.389225109,0.05378964539,7.101546765,0,0
SP500,test half,5,S3,P,0.65,2510,0.4631482523,-8.443973465,2392,-0.05874812226,-5.360213301,0,,-0.001643195644,-0.4422523186,-0.004958476871,-0.8487015861,0,0
SP500,test half,5,S3,GK,0.7,2510,0.4574877147,-8.449634002,2392,-0.06440865989,-4.697410441,-0.005660537633,-1.326714986,-0.007303733277,-1.125771519,-0.0106190145,-1.196714228,0,0
SP500,test half,5,S3,RS,0.6,2510,0.4910713035,-8.416050413,2392,-0.03082507108,-1.8089482,0.02792305118,2.556859593,0.02627985553,2.027752568,0.02296457431,1.519711665,0,0
SP500,test half,5,S3,o2+P,0.65,2510,0.464791448,-8.442330269,2392,-0.05710492661,-6.389225109,0.001643195644,0.4422523186,0,0,-0.003315281227,-0.976528468,0,0
SP500,test half,5,S3,o2+GK,0.7,2510,0.4583019603,-8.448819757,2392,-0.06359441425,-5.660420601,-0.004846291993,-0.9674197,-0.006489487637,-1.718109667,-0.009804768863,-1.593085537,0,0
SP500,test half,5,S3,YZ (daily form),0.7,2510,0.4586144805,-8.448507237,2392,-0.0632818941,-5.448833959,-0.004533771841,-0.9260901757,-0.006176967485,-1.403728843,-0.009492248712,-1.378246663,0,0
SP500,test half,5,S3,"Anam, open-free special case (b=0)",0.65,2510,0.4681067292,-8.439014988,2392,-0.05378964539,-7.101546765,0.004958476871,0.8487015861,0.003315281227,0.976528468,0,,0,0
SP500,test half,5,S3,Anam,0.65,2510,0.464791448,-8.442330269,2392,-0.05710492661,-6.389225109,0.001643195644,0.4422523186,0,,-0.003315281227,-0.976528468,0,0
SP500,test half,5,S4,CC,0.45,2510,0.5218963746,-8.385225342,2392,0,,0.05874812226,5.089011831,0.05710492661,6.082911207,0.05378964539,6.649299989,0,0
SP500,test half,5,S4,P,0.65,2510,0.4631482523,-8.443973465,2392,-0.05874812226,-5.089011831,0,,-0.001643195644,-0.4346085544,-0.004958476871,-0.8162669799,0,0
SP500,test half,5,S4,GK,0.7,2510,0.4574877147,-8.449634002,2392,-0.06440865989,-4.530556989,-0.005660537633,-1.315747678,-0.007303733277,-1.095775975,-0.0106190145,-1.167807792,0,0
SP500,test half,5,S4,RS,0.6,2510,0.4910713035,-8.416050413,2392,-0.03082507108,-1.753252957,0.02792305118,2.423690434,0.02627985553,1.927853352,0.02296457431,1.452965379,0,0
SP500,test half,5,S4,o2+P,0.65,2510,0.464791448,-8.442330269,2392,-0.05710492661,-6.082911207,0.001643195644,0.4346085544,0,0,-0.003315281227,-0.9375710952,0,0
SP500,test half,5,S4,o2+GK,0.7,2510,0.4583019603,-8.448819757,2392,-0.06359441425,-5.539958852,-0.004846291993,-0.9742505163,-0.006489487637,-1.728736212,-0.009804768863,-1.597863914,0,0
SP500,test half,5,S4,YZ (daily form),0.7,2510,0.4586144805,-8.448507237,2392,-0.0632818941,-5.263496973,-0.004533771841,-0.9329737715,-0.006176967485,-1.360295377,-0.009492248712,-1.340501026,0,0
SP500,test half,5,S4,"Anam, open-free special case (b=0)",0.65,2510,0.4681067292,-8.439014988,2392,-0.05378964539,-6.649299989,0.004958476871,0.8162669799,0.003315281227,0.9375710952,0,,0,0
SP500,test half,5,S4,Anam,0.65,2510,0.464791448,-8.442330269,2392,-0.05710492661,-6.082911207,0.001643195644,0.4346085544,0,,-0.003315281227,-0.9375710952,0,0
SP500,test half,21,S0,CC,0.65,2494,0.3943924477,-8.269926765,2397,0,,0.008605828756,0.6794698003,0.002497050717,0.1989572417,0.0008164686943,0.09267834255,,
SP500,test half,21,S0,P,0.75,2494,0.3857866189,-8.278532594,2397,-0.008605828756,-0.6794698003,0,,-0.006108778039,-1.824036609,-0.007789360062,-1.391117672,,
SP500,test half,21,S0,GK,0.75,2494,0.3915506128,-8.2727686,2397,-0.00284183489,-0.1360624248,0.005763993866,0.5700774435,-0.0003447841727,-0.03861116203,-0.002025366196,-0.1536037762,,
SP500,test half,21,S0,RS,0.7,2494,0.3990157375,-8.265303475,2397,0.0046232898,0.1620628014,0.01322911856,0.7232643053,0.007120340517,0.4152110364,0.005439758494,0.254836475,,
SP500,test half,21,S0,o2+P,0.75,2494,0.3918953969,-8.272423816,2397,-0.002497050717,-0.1989572417,0.006108778039,1.824036609,2.670945528e-19,0.4018002123,-0.001680582023,-0.3678153463,,
SP500,test half,21,S0,o2+GK,0.75,2494,0.3971757203,-8.267143492,2397,0.002783272664,0.1431540292,0.01138910142,1.065695491,0.005280323381,0.6374788046,0.003599741358,0.301332355,,
SP500,test half,21,S0,YZ (daily form),0.75,2494,0.3963756481,-8.267943564,2397,0.001983200394,0.09513740096,0.01058902915,0.9868952072,0.004480251111,0.4953384726,0.002799669089,0.2121801937,,
SP500,test half,21,S0,"Anam, open-free special case (b=0)",0.75,2494,0.393575979,-8.270743234,2397,-0.0008164686943,-0.09267834255,0.007789360062,1.391117672,0.001680582023,0.3678153463,0,,,
SP500,test half,21,S0,Anam,0.75,2494,0.3918953969,-8.272423816,2397,-0.002497050717,-0.1989572417,0.006108778039,1.824036609,0,,-0.001680582023,-0.3678153463,,
SP500,test half,21,S1,CC,0.65,2494,0.3943924477,-8.269926765,2376,0,,0.008605828756,0.6794698003,0.002497050717,0.1989572417,0.0008164686943,0.09267834255,,
SP500,test half,21,S1,P,0.75,2494,0.3857866189,-8.278532594,2376,-0.008605828756,-0.6794698003,0,,-0.006108778039,-1.824036609,-0.007789360062,-1.391117672,,
SP500,test half,21,S1,GK,0.75,2494,0.3915506128,-8.2727686,2376,-0.00284183489,-0.1360624248,0.005763993866,0.5700774435,-0.0003447841727,-0.03861116203,-0.002025366196,-0.1536037762,,
SP500,test half,21,S1,RS,0.7,2494,0.3990157375,-8.265303475,2376,0.0046232898,0.1620628014,0.01322911856,0.7232643053,0.007120340517,0.4152110364,0.005439758494,0.254836475,,
SP500,test half,21,S1,o2+P,0.75,2494,0.3918953969,-8.272423816,2376,-0.002497050717,-0.1989572417,0.006108778039,1.824036609,2.670945528e-19,0.4018002123,-0.001680582023,-0.3678153463,,
SP500,test half,21,S1,o2+GK,0.75,2494,0.3971757203,-8.267143492,2376,0.002783272664,0.1431540292,0.01138910142,1.065695491,0.005280323381,0.6374788046,0.003599741358,0.301332355,,
SP500,test half,21,S1,YZ (daily form),0.75,2494,0.3963756481,-8.267943564,2376,0.001983200394,0.09513740096,0.01058902915,0.9868952072,0.004480251111,0.4953384726,0.002799669089,0.2121801937,,
SP500,test half,21,S1,"Anam, open-free special case (b=0)",0.75,2494,0.393575979,-8.270743234,2376,-0.0008164686943,-0.09267834255,0.007789360062,1.391117672,0.001680582023,0.3678153463,0,,,
SP500,test half,21,S1,Anam,0.75,2494,0.3918953969,-8.272423816,2376,-0.002497050717,-0.1989572417,0.006108778039,1.824036609,0,,-0.001680582023,-0.3678153463,,
SP500,test half,21,S2,CC,0.65,2494,0.3943924477,-8.269926765,2376,0,,0.008605828756,0.6794698003,0.002497050717,0.1989572417,0.0008164686943,0.09267834255,,
SP500,test half,21,S2,P,0.75,2494,0.3857866189,-8.278532594,2376,-0.008605828756,-0.6794698003,0,,-0.006108778039,-1.824036609,-0.007789360062,-1.391117672,,
SP500,test half,21,S2,GK,0.75,2494,0.3915506128,-8.2727686,2376,-0.00284183489,-0.1360624248,0.005763993866,0.5700774435,-0.0003447841727,-0.03861116203,-0.002025366196,-0.1536037762,,
SP500,test half,21,S2,RS,0.7,2494,0.3990157375,-8.265303475,2376,0.0046232898,0.1620628014,0.01322911856,0.7232643053,0.007120340517,0.4152110364,0.005439758494,0.254836475,,
SP500,test half,21,S2,o2+P,0.75,2494,0.3918953969,-8.272423816,2376,-0.002497050717,-0.1989572417,0.006108778039,1.824036609,2.670945528e-19,0.4018002123,-0.001680582023,-0.3678153463,,
SP500,test half,21,S2,o2+GK,0.75,2494,0.3971757203,-8.267143492,2376,0.002783272664,0.1431540292,0.01138910142,1.065695491,0.005280323381,0.6374788046,0.003599741358,0.301332355,,
SP500,test half,21,S2,YZ (daily form),0.75,2494,0.3963756481,-8.267943564,2376,0.001983200394,0.09513740096,0.01058902915,0.9868952072,0.004480251111,0.4953384726,0.002799669089,0.2121801937,,
SP500,test half,21,S2,"Anam, open-free special case (b=0)",0.75,2494,0.393575979,-8.270743234,2376,-0.0008164686943,-0.09267834255,0.007789360062,1.391117672,0.001680582023,0.3678153463,0,,,
SP500,test half,21,S2,Anam,0.75,2494,0.3918953969,-8.272423816,2376,-0.002497050717,-0.1989572417,0.006108778039,1.824036609,0,,-0.001680582023,-0.3678153463,,
SP500,test half,21,S3,CC,0.65,2494,0.3943924477,-8.269926765,2376,0,,0.008605828756,0.6794698003,0.002497050717,0.1989572417,0.0008164686943,0.09267834255,0,0
SP500,test half,21,S3,P,0.75,2494,0.3857866189,-8.278532594,2376,-0.008605828756,-0.6794698003,0,,-0.006108778039,-1.824036609,-0.007789360062,-1.391117672,0,0
SP500,test half,21,S3,GK,0.75,2494,0.3915506128,-8.2727686,2376,-0.00284183489,-0.1360624248,0.005763993866,0.5700774435,-0.0003447841727,-0.03861116203,-0.002025366196,-0.1536037762,0,0
SP500,test half,21,S3,RS,0.7,2494,0.3990157375,-8.265303475,2376,0.0046232898,0.1620628014,0.01322911856,0.7232643053,0.007120340517,0.4152110364,0.005439758494,0.254836475,0,0
SP500,test half,21,S3,o2+P,0.75,2494,0.3918953969,-8.272423816,2376,-0.002497050717,-0.1989572417,0.006108778039,1.824036609,-1.424504282e-18,-0.5696113966,-0.001680582023,-0.3678153463,0,0
SP500,test half,21,S3,o2+GK,0.75,2494,0.3971757203,-8.267143492,2376,0.002783272664,0.1431540292,0.01138910142,1.065695491,0.005280323381,0.6374788046,0.003599741358,0.301332355,0,0
SP500,test half,21,S3,YZ (daily form),0.75,2494,0.3963756481,-8.267943564,2376,0.001983200394,0.09513740096,0.01058902915,0.9868952072,0.004480251111,0.4953384726,0.002799669089,0.2121801937,0,0
SP500,test half,21,S3,"Anam, open-free special case (b=0)",0.75,2494,0.393575979,-8.270743234,2376,-0.0008164686943,-0.09267834255,0.007789360062,1.391117672,0.001680582023,0.3678153463,0,,0,0
SP500,test half,21,S3,Anam,0.75,2494,0.3918953969,-8.272423816,2376,-0.002497050717,-0.1989572417,0.006108778039,1.824036609,0,,-0.001680582023,-0.3678153463,0,0
SP500,test half,21,S4,CC,0.65,2494,0.3943924477,-8.269926765,2376,0,,0.008605828756,0.6336659034,0.002497050717,0.1847407361,0.0008164686943,0.08588751886,0,0
SP500,test half,21,S4,P,0.75,2494,0.3857866189,-8.278532594,2376,-0.008605828756,-0.6336659034,0,,-0.006108778039,-1.77668823,-0.007789360062,-1.311548297,0,0
SP500,test half,21,S4,GK,0.75,2494,0.3915506128,-8.2727686,2376,-0.00284183489,-0.126169993,0.005763993866,0.5274189997,-0.0003447841727,-0.03565901775,-0.002025366196,-0.1419932211,0,0
SP500,test half,21,S4,RS,0.7,2494,0.3990157375,-8.265303475,2376,0.0046232898,0.1489821027,0.01322911856,0.6647319247,0.007120340517,0.3781148179,0.005439758494,0.2326144334,0,0
SP500,test half,21,S4,o2+P,0.75,2494,0.3918953969,-8.272423816,2376,-0.002497050717,-0.1847407361,0.006108778039,1.77668823,-1.424504282e-18,-0.60802181,-0.001680582023,-0.3386471819,0,0
SP500,test half,21,S4,o2+GK,0.75,2494,0.3971757203,-8.267143492,2376,0.002783272664,0.132886196,0.01138910142,0.9970234336,0.005280323381,0.5908766474,0.003599741358,0.2788839906,0,0
SP500,test half,21,S4,YZ (daily form),0.75,2494,0.3963756481,-8.267943564,2376,0.001983200394,0.08796949745,0.01058902915,0.9268985175,0.004480251111,0.4569636059,0.002799669089,0.1952797315,0,0
SP500,test half,21,S4,"Anam, open-free special case (b=0)",0.75,2494,0.393575979,-8.270743234,2376,-0.0008164686943,-0.08588751886,0.007789360062,1.311548297,0.001680582023,0.3386471819,0,,0,0
SP500,test half,21,S4,Anam,0.75,2494,0.3918953969,-8.272423816,2376,-0.002497050717,-0.1847407361,0.006108778039,1.77668823,0,,-0.001680582023,-0.3386471819,0,0
DSE 2023-2026,test half,5,S0,CC,0.4,155917,0.6340912132,-6.502933649,95024,0,,-0.01793028444,-3.596941361,0.002487812306,0.9017507307,0.006780668416,2.549776647,,
DSE 2023-2026,test half,5,S0,P,0.75,155917,0.6520214976,-6.485003364,95024,0.01793028444,3.596941361,0,,0.02041809675,5.562119188,0.02471095286,6.722955688,,
DSE 2023-2026,test half,5,S0,GK,0.7,155917,0.6512636824,-6.485761179,95024,0.01717246921,3.956440231,-0.0007578152335,-0.5246210241,0.01966028151,6.823462493,0.02395313762,8.246859857,,
DSE 2023-2026,test half,5,S0,RS,0.65,155917,0.6593135271,-6.477711335,95024,0.02522231395,6.311504131,0.007292029512,3.276056306,0.02771012626,9.64542411,0.03200298237,10.88660765,,
DSE 2023-2026,test half,5,S0,o2+P,0.55,155917,0.6590379933,-6.477986868,95024,0.02494678011,7.039654607,0.007016495673,1.937711393,0.02743459242,9.610750936,0.03172744853,10.54713381,,
DSE 2023-2026,test half,5,S0,o2+GK,0.55,155917,0.6617927369,-6.475232125,95024,0.02770152376,7.78189083,0.009771239318,2.637013157,0.03018933606,10.54300089,0.03448219217,11.41442055,,
DSE 2023-2026,test half,5,S0,YZ (daily form),0.55,155917,0.6658380676,-6.471186794,95024,0.03174685447,8.201910854,0.01381657003,3.54549988,0.03423466678,10.22710404,0.03852752289,11.00779371,,
DSE 2023-2026,test half,5,S0,"Anam, open-free special case (b=0)",0.55,155917,0.6273105448,-6.509714317,95024,-0.006780668416,-2.549776647,-0.02471095286,-6.722955688,-0.00429285611,-11.35007952,0,,,
DSE 2023-2026,test half,5,S0,Anam,0.55,155917,0.6316034009,-6.505421461,95024,-0.002487812306,-0.9017507307,-0.02041809675,-5.562119188,0,,0.00429285611,11.35007952,,
DSE 2023-2026,test half,5,S1,CC,0.4,155917,0.6340912132,-6.502933649,93257,0,,-0.01793028444,-3.596941361,0.002487812306,0.9017507307,0.006780668416,2.549776647,,
DSE 2023-2026,test half,5,S1,P,0.75,155917,0.6520214976,-6.485003364,93257,0.01793028444,3.596941361,0,,0.02041809675,5.562119188,0.02471095286,6.722955688,,
DSE 2023-2026,test half,5,S1,GK,0.7,155917,0.6512636824,-6.485761179,93257,0.01717246921,3.956440231,-0.0007578152335,-0.5246210241,0.01966028151,6.823462493,0.02395313762,8.246859857,,
DSE 2023-2026,test half,5,S1,RS,0.65,155917,0.6593135271,-6.477711335,93257,0.02522231395,6.311504131,0.007292029512,3.276056306,0.02771012626,9.64542411,0.03200298237,10.88660765,,
DSE 2023-2026,test half,5,S1,o2+P,0.55,155917,0.6590379933,-6.477986868,93257,0.02494678011,7.039654607,0.007016495673,1.937711393,0.02743459242,9.610750936,0.03172744853,10.54713381,,
DSE 2023-2026,test half,5,S1,o2+GK,0.55,155917,0.6617927369,-6.475232125,93257,0.02770152376,7.78189083,0.009771239318,2.637013157,0.03018933606,10.54300089,0.03448219217,11.41442055,,
DSE 2023-2026,test half,5,S1,YZ (daily form),0.55,155917,0.6658380676,-6.471186794,93257,0.03174685447,8.201910854,0.01381657003,3.54549988,0.03423466678,10.22710404,0.03852752289,11.00779371,,
DSE 2023-2026,test half,5,S1,"Anam, open-free special case (b=0)",0.55,155917,0.6273105448,-6.509714317,93257,-0.006780668416,-2.549776647,-0.02471095286,-6.722955688,-0.00429285611,-11.35007952,0,,,
DSE 2023-2026,test half,5,S1,Anam,0.55,155917,0.6316034009,-6.505421461,93257,-0.002487812306,-0.9017507307,-0.02041809675,-5.562119188,0,,0.00429285611,11.35007952,,
DSE 2023-2026,test half,5,S2,CC,0.4,152610,0.6339952363,-6.508873492,90884,0,,-0.01776605744,-3.56928334,0.001893055728,0.6590321544,0.006047492618,2.105360345,,
DSE 2023-2026,test half,5,S2,P,0.75,152610,0.6517612938,-6.491107435,90884,0.01776605744,3.56928334,0,,0.01965911317,6.617650495,0.02381355006,7.997564004,,
DSE 2023-2026,test half,5,S2,GK,0.7,152610,0.6512500026,-6.491618726,90884,0.01725476629,4.021583205,-0.0005112911532,-0.2761545812,0.01914782202,8.332331901,0.02330225891,9.980662536,,
DSE 2023-2026,test half,5,S2,RS,0.65,152610,0.6594552222,-6.483413507,90884,0.02545998588,6.42975913,0.007693928435,3.504425712,0.02735304161,11.39903781,0.0315074785,12.67344307,,
DSE 2023-2026,test half,5,S2,o2+P,0.55,152610,0.6589819292,-6.4838868,90884,0.02498669293,7.012639162,0.007220635486,2.029233061,0.02687974866,10.65656293,0.03103418555,11.45950571,,
DSE 2023-2026,test half,5,S2,o2+GK,0.55,152610,0.6618125957,-6.481056133,90884,0.02781735933,7.825914529,0.01005130189,2.759707089,0.02971041506,11.59754791,0.03386485195,12.32342162,,
DSE 2023-2026,test half,5,S2,YZ (daily form),0.55,152610,0.6657891058,-6.477079623,90884,0.0317938695,8.20781988,0.01402781205,3.663749069,0.03368692522,11.21001795,0.03784136211,11.88927617,,
DSE 2023-2026,test half,5,S2,"Anam, open-free special case (b=0)",0.6,152610,0.6279477437,-6.514920985,90884,-0.006047492618,-2.105360345,-0.02381355006,-7.997564004,-0.00415443689,-10.58586152,0,,,
DSE 2023-2026,test half,5,S2,Anam,0.6,152610,0.6321021806,-6.510766548,90884,-0.001893055728,-0.6590321544,-0.01965911317,-6.617650495,0,,0.00415443689,10.58586152,,
DSE 2023-2026,test half,5,S3,CC,0.2,153106,0.5290262754,-6.492187659,99236,0,,0.0009304556049,0.2763117633,-0.003285703336,-1.550613617,0.00663634016,2.777830344,0,443
DSE 2023-2026,test half,5,S3,P,0.35,153106,0.5279879415,-6.493118115,99236,-0.0009304556049,-0.2763117633,0,,-0.004216158941,-2.422337725,0.005705884555,4.513081996,0,443
DSE 2023-2026,test half,5,S3,GK,0.3,153106,0.536486242,-6.484517243,99236,0.007670416216,2.511995402,0.008600871821,10.01277327,0.00438471288,3.076243366,0.01430675638,11.10997305,0,443
DSE 2023-2026,test half,5,S3,RS,0.3,153106,0.5422767198,-6.478543526,99236,0.01364413325,4.674684637,0.01457458885,9.543628569,0.01035842991,6.507255818,0.02028047341,12.72772793,0,443
DSE 2023-2026,test half,5,S3,o2+P,0.3,153106,0.5476077404,-6.473402015,99236,0.01878564382,5.776987197,0.01971609943,6.519137247,0.01549994049,5.748608816,0.02542198398,9.37187302,0,443
DSE 2023-2026,test half,5,S3,o2+GK,0.3,153106,0.5501781837,-6.470772555,99236,0.02141510448,6.479201001,0.02234556009,7.258767946,0.01812940115,6.617207941,0.02805144464,10.08071832,0,443
DSE 2023-2026,test half,5,S3,YZ (daily form),0.3,153106,0.5532140592,-6.467662836,99236,0.02452482327,6.858887478,0.02545527887,7.301682139,0.02123911993,6.72258148,0.03116116343,9.697599584,0,443
DSE 2023-2026,test half,5,S3,"Anam, open-free special case (b=0)",0.3,153106,0.5222955629,-6.498823999,99236,-0.00663634016,-2.777830344,-0.005705884555,-4.513081996,-0.009922043496,-12.97934684,0,,0,443
DSE 2023-2026,test half,5,S3,Anam,0.25,153106,0.532141167,-6.488901956,99236,0.003285703336,1.550613617,0.004216158941,2.422337725,0,,0.009922043496,12.97934684,0,443
DSE 2023-2026,test half,5,S4,CC,0.2,153106,0.5290262754,-6.492187659,99236,0,,0.0009304556049,0.2607305979,-0.003285703336,-1.465261591,0.00663634016,2.570824844,0,443
DSE 2023-2026,test half,5,S4,P,0.35,153106,0.5279879415,-6.493118115,99236,-0.0009304556049,-0.2607305979,0,,-0.004216158941,-2.087404544,0.005705884555,3.957558156,0,443
DSE 2023-2026,test half,5,S4,GK,0.3,153106,0.536486242,-6.484517243,99236,0.007670416216,2.300218571,0.008600871821,8.602269487,0.00438471288,2.613440022,0.01430675638,9.92780343,0,443
DSE 2023-2026,test half,5,S4,RS,0.3,153106,0.5422767198,-6.478543526,99236,0.01364413325,4.129862183,0.01457458885,8.744996049,0.01035842991,5.5205368,0.02028047341,11.35685533,0,443
DSE 2023-2026,test half,5,S4,o2+P,0.3,153106,0.5476077404,-6.473402015,99236,0.01878564382,4.845192293,0.01971609943,6.327049567,0.01549994049,5.04895439,0.02542198398,8.565656641,0,443
DSE 2023-2026,test half,5,S4,o2+GK,0.3,153106,0.5501781837,-6.470772555,99236,0.02141510448,5.39174745,0.02234556009,6.942477444,0.01812940115,5.75689055,0.02805144464,9.101310413,0,443
DSE 2023-2026,test half,5,S4,YZ (daily form),0.3,153106,0.5532140592,-6.467662836,99236,0.02452482327,5.727655355,0.02545527887,6.985034078,0.02123911993,5.913205489,0.03116116343,8.796874012,0,443
DSE 2023-2026,test half,5,S4,"Anam, open-free special case (b=0)",0.3,153106,0.5222955629,-6.498823999,99236,-0.00663634016,-2.570824844,-0.005705884555,-3.957558156,-0.009922043496,-11.03492484,0,,0,443
DSE 2023-2026,test half,5,S4,Anam,0.25,153106,0.532141167,-6.488901956,99236,0.003285703336,1.465261591,0.004216158941,2.087404544,0,,0.009922043496,11.03492484,0,443
DSE 2023-2026,test half,21,S0,CC,0.5,150671,0.2748765202,-6.443433786,97302,0,,-0.01097750761,-1.708582635,0.007965572622,2.217844552,0.008185627169,2.301114992,,
DSE 2023-2026,test half,21,S0,P,0.8,150671,0.2858540278,-6.432456278,97302,0.01097750761,1.708582635,0,,0.01894308024,3.631996301,0.01916313478,4.446567294,,
DSE 2023-2026,test half,21,S0,GK,0.75,150671,0.2824006733,-6.435909632,97302,0.007524153099,1.358880162,-0.003453354514,-1.83889646,0.01548972572,3.932142362,0.01570978027,5.185386767,,
DSE 2023-2026,test half,21,S0,RS,0.75,150671,0.2888218041,-6.429488502,97302,0.01394528388,2.472060071,0.002967776269,1.397552058,0.0219108565,4.68437569,0.02213091105,5.730111691,,
DSE 2023-2026,test half,21,S0,o2+P,0.6,150671,0.2895725609,-6.428737745,97302,0.01469604069,2.841364554,0.003718533076,0.8910634996,0.02266161331,4.596031143,0.02288166786,5.067651456,,
DSE 2023-2026,test half,21,S0,o2+GK,0.6,150671,0.2900282365,-6.428282069,97302,0.01515171636,2.988924656,0.00417420875,0.9853029514,0.02311728899,4.852791963,0.02333734353,5.350239464,,
DSE 2023-2026,test half,21,S0,YZ (daily form),0.6,150671,0.2937700055,-6.4245403,97302,0.01889348536,3.364044513,0.007915977743,1.660289917,0.02685905798,4.796779391,0.02707911252,5.180652375,,
DSE 2023-2026,test half,21,S0,"Anam, open-free special case (b=0)",0.6,150671,0.266690893,-6.451619413,97302,-0.008185627169,-2.301114992,-0.01916313478,-4.446567294,-0.0002200545468,-0.1781879558,0,,,
DSE 2023-2026,test half,21,S0,Anam,0.55,150671,0.2669109475,-6.451399358,97302,-0.007965572622,-2.217844552,-0.01894308024,-3.631996301,0,,0.0002200545468,0.1781879558,,
DSE 2023-2026,test half,21,S1,CC,0.5,150671,0.2748765202,-6.443433786,89868,0,,-0.01097750761,-1.708582635,0.006683306455,1.817605956,0.008185627169,2.301114992,,
DSE 2023-2026,test half,21,S1,P,0.8,150671,0.2858540278,-6.432456278,89868,0.01097750761,1.708582635,0,,0.01766081407,4.088542202,0.01916313478,4.446567294,,
DSE 2023-2026,test half,21,S1,GK,0.75,150671,0.2824006733,-6.435909632,89868,0.007524153099,1.358880162,-0.003453354514,-1.83889646,0.01420745955,4.633795169,0.01570978027,5.185386767,,
DSE 2023-2026,test half,21,S1,RS,0.75,150671,0.2888218041,-6.429488502,89868,0.01394528388,2.472060071,0.002967776269,1.397552058,0.02062859034,5.374116327,0.02213091105,5.730111691,,
DSE 2023-2026,test half,21,S1,o2+P,0.6,150671,0.2895725609,-6.428737745,89868,0.01469604069,2.841364554,0.003718533076,0.8910634996,0.02137934714,4.914130045,0.02288166786,5.067651456,,
DSE 2023-2026,test half,21,S1,o2+GK,0.6,150671,0.2900282365,-6.428282069,89868,0.01515171636,2.988924656,0.00417420875,0.9853029514,0.02183502282,5.193140033,0.02333734353,5.350239464,,
DSE 2023-2026,test half,21,S1,YZ (daily form),0.6,150671,0.2937700055,-6.4245403,89868,0.01889348536,3.364044513,0.007915977743,1.660289917,0.02557679181,5.053488881,0.02707911252,5.180652375,,
DSE 2023-2026,test half,21,S1,"Anam, open-free special case (b=0)",0.6,150671,0.266690893,-6.451619413,89868,-0.008185627169,-2.301114992,-0.01916313478,-4.446567294,-0.001502320714,-3.038212111,0,,,
DSE 2023-2026,test half,21,S1,Anam,0.6,150671,0.2681932137,-6.450117092,89868,-0.006683306455,-1.817605956,-0.01766081407,-4.088542202,0,,0.001502320714,3.038212111,,
DSE 2023-2026,test half,21,S2,CC,0.55,138260,0.2796799761,-6.448909046,80669,0,,-0.01501220157,-1.798502018,0.01058496756,2.501816604,0.01196580219,2.928155113,,
DSE 2023-2026,test half,21,S2,P,0.85,138260,0.2946921777,-6.433896844,80669,0.01501220157,1.798502018,0,,0.02559716913,4.398074037,0.02697800376,4.604911842,,
DSE 2023-2026,test half,21,S2,GK,0.8,138260,0.2887241221,-6.4398649,80669,0.009044145983,1.225666837,-0.00596805559,-2.472706976,0.01962911354,4.735445615,0.02100994817,5.078268584,,
DSE 2023-2026,test half,21,S2,RS,0.75,138260,0.2892130898,-6.439375932,80669,0.009533113704,1.433023804,-0.005479087868,-1.711448263,0.02011808126,5.296358839,0.0214989159,5.61314188,,
DSE 2023-2026,test half,21,S2,o2+P,0.6,138260,0.2896018098,-6.438987212,80669,0.009921833751,1.43320329,-0.005090367821,-1.158350175,0.02050680131,4.581385012,0.02188763594,4.682401112,,
DSE 2023-2026,test half,21,S2,o2+GK,0.6,138260,0.289904904,-6.438684118,80669,0.01022492787,1.543014414,-0.004787273701,-1.039591217,0.02080989543,4.939200141,0.02219073006,5.047013629,,
DSE 2023-2026,test half,21,S2,YZ (daily form),0.65,138260,0.2966214364,-6.431967585,80669,0.01694146036,2.289485672,0.001929258789,0.4178616294,0.02752642792,4.622816304,0.02890726255,4.727910096,,
DSE 2023-2026,test half,21,S2,"Anam, open-free special case (b=0)",0.6,138260,0.2677141739,-6.460874848,80669,-0.01196580219,-2.928155113,-0.02697800376,-4.604911842,-0.001380834632,-2.34715094,0,,,
DSE 2023-2026,test half,21,S2,Anam,0.6,138260,0.2690950085,-6.459494013,80669,-0.01058496756,-2.501816604,-0.02559716913,-4.398074037,0,,0.001380834632,2.34715094,,
DSE 2023-2026,test half,21,S3,CC,0.25,138261,0.2760801331,-6.452501825,84333,0,,0.005581968714,1.201739688,-0.000597044425,0.05571019784,0.004166203604,1.432240305,0,0
DSE 2023-2026,test half,21,S3,P,0.4,138261,0.2704981644,-6.458083793,84333,-0.005581968714,-1.201739688,0,,-0.006179013139,-1.668831307,-0.001415765109,-0.5263061105,0,0
DSE 2023-2026,test half,21,S3,GK,0.35,138261,0.2741382824,-6.454443675,84333,-0.00194185069,-0.5185535829,0.003640118024,3.558006534,-0.002538895115,-0.7880321376,0.002224352915,1.050300722,0,0
DSE 2023-2026,test half,21,S3,RS,0.35,138261,0.2773679972,-6.45121396,84333,0.001287864077,0.1250140741,0.00686983279,4.135423252,0.0006908196515,0.2815770975,0.005454067681,2.578464831,0,0
DSE 2023-2026,test half,21,S3,o2+P,0.25,138261,0.2888073682,-6.439774589,84333,0.01272723509,2.408491932,0.0183092038,4.375925428,0.01213019067,3.25949014,0.0168934387,4.684226204,0,0
DSE 2023-2026,test half,21,S3,o2+GK,0.25,138261,0.2896882088,-6.438893749,84333,0.01360807566,2.608050704,0.01919004437,4.617296643,0.01301103123,3.598092942,0.01777427926,5.03585558,0,0
DSE 2023-2026,test half,21,S3,YZ (daily form),0.3,138261,0.290649819,-6.437932139,84333,0.01456968585,2.449440596,0.02015165457,4.345895617,0.01397264143,2.953404062,0.01873588946,4.129978557,0,0
DSE 2023-2026,test half,21,S3,"Anam, open-free special case (b=0)",0.25,138261,0.2719139295,-6.456668028,84333,-0.004166203604,-1.432240305,0.001415765109,0.5263061105,-0.004763248029,-4.502633955,0,,0,0
DSE 2023-2026,test half,21,S3,Anam,0.2,138261,0.2766771775,-6.45190478,84333,0.000597044425,-0.05571019784,0.006179013139,1.668831307,0,,0.004763248029,4.502633955,0,0
DSE 2023-2026,test half,21,S4,CC,0.25,138261,0.2760801331,-6.452501825,84333,0,,0.005581968714,1.073483068,-0.000597044425,-0.1704372496,0.004166203604,1.302426874,0,0
DSE 2023-2026,test half,21,S4,P,0.4,138261,0.2704981644,-6.458083793,84333,-0.005581968714,-1.073483068,0,,-0.006179013139,-1.418356001,-0.001415765109,-0.4374043488,0,0
DSE 2023-2026,test half,21,S4,GK,0.35,138261,0.2741382824,-6.454443675,84333,-0.00194185069,-0.4091217915,0.003640118024,2.727322643,-0.002538895115,-0.7537736647,0.002224352915,0.9623058603,0,0
DSE 2023-2026,test half,21,S4,RS,0.35,138261,0.2773679972,-6.45121396,84333,0.001287864077,0.2844879885,0.00686983279,3.583831249,0.0006908196515,0.2334200465,0.005454067681,2.698854251,0,0
DSE 2023-2026,test half,21,S4,o2+P,0.25,138261,0.2888073682,-6.439774589,84333,0.01272723509,2.621274278,0.0183092038,4.513801893,0.01213019067,3.125459001,0.0168934387,4.742081746,0,0
DSE 2023-2026,test half,21,S4,o2+GK,0.25,138261,0.2896882088,-6.438893749,84333,0.01360807566,2.842576305,0.01919004437,4.683593314,0.01301103123,3.531850612,0.01777427926,5.195561055,0,0
DSE 2023-2026,test half,21,S4,YZ (daily form),0.3,138261,0.290649819,-6.437932139,84333,0.01456968585,2.632977823,0.02015165457,4.576229561,0.01397264143,2.849608964,0.01873588946,4.163763421,0,0
DSE 2023-2026,test half,21,S4,"Anam, open-free special case (b=0)",0.25,138261,0.2719139295,-6.456668028,84333,-0.004166203604,-1.302426874,0.001415765109,0.4374043488,-0.004763248029,-3.741255363,0,,0,0
DSE 2023-2026,test half,21,S4,Anam,0.2,138261,0.2766771775,-6.45190478,84333,0.000597044425,0.1704372496,0.006179013139,1.418356001,0,,0.004763248029,3.741255363,0,0
Vietnam 2007-2020,test half,5,S0,CC,0.4,740302,0.7699103488,-6.207559965,521264,0,,-0.05256877065,-14.66505874,-0.0005481071729,-0.204780321,0.007023101347,3.584709228,,
Vietnam 2007-2020,test half,5,S0,P,0.35,740302,0.8224791194,-6.154991194,521264,0.05256877065,14.66505874,0,,0.05202066348,22.42247657,0.059591872,28.08759763,,
Vietnam 2007-2020,test half,5,S0,GK,0.3,740302,0.8793888026,-6.098081511,521264,0.1094784538,24.73279367,0.05690968312,52.77849974,0.1089303466,33.94228502,0.1165015551,38.88356181,,
Vietnam 2007-2020,test half,5,S0,RS,0.2,740302,0.9365636296,-6.040906684,521264,0.1666532808,33.99448871,0.1140845101,39.07775428,0.1661051736,40.92114312,0.1736763821,43.72924162,,
Vietnam 2007-2020,test half,5,S0,o2+P,0.45,740302,0.7937141214,-6.183756192,521264,0.02380377257,9.664006847,-0.02876499808,-5.515523403,0.0232556654,7.214426173,0.03082687392,8.554815061,,
Vietnam 2007-2020,test half,5,S0,o2+GK,0.45,740302,0.7983914611,-6.179078853,521264,0.02848111229,12.31539831,-0.02408765836,-4.958886752,0.02793300512,9.607771052,0.03550421364,10.77517634,,
Vietnam 2007-2020,test half,5,S0,YZ (daily form),0.45,740302,0.8023947744,-6.175075539,521264,0.03248442566,12.82822301,-0.020084345,-3.979795367,0.03193631848,10.06778897,0.039507527,11.09764884,,
Vietnam 2007-2020,test half,5,S0,"Anam, open-free special case (b=0)",0.55,740302,0.7628872474,-6.214583066,521264,-0.007023101347,-3.584709228,-0.059591872,-28.08759763,-0.00757120852,-15.73336414,0,,,
Vietnam 2007-2020,test half,5,S0,Anam,0.5,740302,0.770458456,-6.207011858,521264,0.0005481071729,0.204780321,-0.05202066348,-22.42247657,0,,0.00757120852,15.73336414,,
Vietnam 2007-2020,test half,5,S1,CC,0.4,740302,0.7699103488,-6.207559965,519085,0,,-0.05256877065,-14.66505874,-0.0005481071729,-0.204780321,0.007023101347,3.584709228,,
Vietnam 2007-2020,test half,5,S1,P,0.35,740302,0.8224791194,-6.154991194,519085,0.05256877065,14.66505874,0,,0.05202066348,22.42247657,0.059591872,28.08759763,,
Vietnam 2007-2020,test half,5,S1,GK,0.3,740302,0.8793888026,-6.098081511,519085,0.1094784538,24.73279367,0.05690968312,52.77849974,0.1089303466,33.94228502,0.1165015551,38.88356181,,
Vietnam 2007-2020,test half,5,S1,RS,0.2,740302,0.9365636296,-6.040906684,519085,0.1666532808,33.99448871,0.1140845101,39.07775428,0.1661051736,40.92114312,0.1736763821,43.72924162,,
Vietnam 2007-2020,test half,5,S1,o2+P,0.45,740302,0.7937141214,-6.183756192,519085,0.02380377257,9.664006847,-0.02876499808,-5.515523403,0.0232556654,7.214426173,0.03082687392,8.554815061,,
Vietnam 2007-2020,test half,5,S1,o2+GK,0.45,740302,0.7983914611,-6.179078853,519085,0.02848111229,12.31539831,-0.02408765836,-4.958886752,0.02793300512,9.607771052,0.03550421364,10.77517634,,
Vietnam 2007-2020,test half,5,S1,YZ (daily form),0.45,740302,0.8023947744,-6.175075539,519085,0.03248442566,12.82822301,-0.020084345,-3.979795367,0.03193631848,10.06778897,0.039507527,11.09764884,,
Vietnam 2007-2020,test half,5,S1,"Anam, open-free special case (b=0)",0.55,740302,0.7628872474,-6.214583066,519085,-0.007023101347,-3.584709228,-0.059591872,-28.08759763,-0.00757120852,-15.73336414,0,,,
Vietnam 2007-2020,test half,5,S1,Anam,0.5,740302,0.770458456,-6.207011858,519085,0.0005481071729,0.204780321,-0.05202066348,-22.42247657,0,,0.00757120852,15.73336414,,
Vietnam 2007-2020,test half,5,S2,CC,0.45,642067,0.7792182963,-6.297115302,473344,0,,-0.03480253717,-8.173941309,0.004281258685,2.014064373,0.01234989205,4.961275587,,
Vietnam 2007-2020,test half,5,S2,P,0.35,642067,0.8140208334,-6.262312764,473344,0.03480253717,8.173941309,0,,0.03908379586,13.67445703,0.04715242922,19.58277527,,
Vietnam 2007-2020,test half,5,S2,GK,0.35,642067,0.8518628795,-6.224470718,473344,0.07264458319,14.164423,0.03784204602,38.05896366,0.07692584187,20.87374971,0.08499447524,26.46924559,,
Vietnam 2007-2020,test half,5,S2,RS,0.25,642067,0.8806740502,-6.195659548,473344,0.101455754,20.89385832,0.06665321679,41.96147447,0.1057370126,29.44689972,0.113805646,35.3534794,,
Vietnam 2007-2020,test half,5,S2,o2+P,0.45,642067,0.8023103515,-6.274023246,473344,0.02309205526,8.853077676,-0.01171048191,-2.253511504,0.02737331395,7.728522073,0.03544194731,8.550075055,,
Vietnam 2007-2020,test half,5,S2,o2+GK,0.45,642067,0.8066920021,-6.269641596,473344,0.02747370587,11.17192837,-0.007328831304,-1.636643752,0.03175496455,10.02562753,0.03982359792,10.54451078,,
Vietnam 2007-2020,test half,5,S2,YZ (daily form),0.45,642067,0.8107893424,-6.265544256,473344,0.03157104609,11.65724339,-0.003231491084,-0.9022387722,0.03585230477,10.33773374,0.04392093814,10.77318148,,
Vietnam 2007-2020,test half,5,S2,"Anam, open-free special case (b=0)",0.55,642067,0.7668684042,-6.309465194,473344,-0.01234989205,-4.961275587,-0.04715242922,-19.58277527,-0.008068633363,-12.49674776,0,,,
Vietnam 2007-2020,test half,5,S2,Anam,0.55,642067,0.7749370376,-6.30139656,473344,-0.004281258685,-2.014064373,-0.03908379586,-13.67445703,0,,0.008068633363,12.49674776,,
Vietnam 2007-2020,test half,5,S3,CC,0.45,673473,0.5881098431,-6.269347919,502296,0,,-0.05613180953,-13.04747473,0.001078201064,0.4664303883,0.0101965554,4.367060834,0,5263
Vietnam 2007-2020,test half,5,S3,P,0.25,673473,0.6421830524,-6.213216109,502296,0.05613180953,13.04747473,0,,0.0572100106,18.66650276,0.06632836493,24.82853254,0,5263
Vietnam 2007-2020,test half,5,S3,GK,0.2,673473,0.6931577155,-6.162349804,502296,0.106998115,20.60204363,0.0508663055,44.2343664,0.1080763161,27.13586841,0.1171946704,32.62717419,0,5263
Vietnam 2007-2020,test half,5,S3,RS,0.15,673473,0.7358960831,-6.119722424,502296,0.1496254944,25.06835302,0.09349368486,25.69574742,0.1507036955,29.42748972,0.1598220498,32.40108934,0,5263
Vietnam 2007-2020,test half,5,S3,o2+P,0.5,673473,0.6128522031,-6.243805158,502296,0.02554276057,9.531300184,-0.03058904896,-5.24212529,0.02662096163,7.574111353,0.03573931597,8.718950362,0,5263
Vietnam 2007-2020,test half,5,S3,o2+GK,0.45,673473,0.615477451,-6.240865834,502296,0.02848208503,11.77502667,-0.02764972451,-5.166721712,0.02956028609,9.5424961,0.03867864042,10.48729369,0,5263
Vietnam 2007-2020,test half,5,S3,YZ (daily form),0.45,673473,0.6195461712,-6.236657533,502296,0.03269038514,12.28282577,-0.02344142439,-4.261635111,0.03376858621,10.00177536,0.04288694054,10.81116797,0,5263
Vietnam 2007-2020,test half,5,S3,"Anam, open-free special case (b=0)",0.55,673473,0.5768435698,-6.279544474,502296,-0.0101965554,-4.367060834,-0.06632836493,-24.82853254,-0.009118354333,-14.4376383,0,,0,5263
Vietnam 2007-2020,test half,5,S3,Anam,0.55,673473,0.5857991276,-6.27042612,502296,-0.001078201064,-0.4664303883,-0.0572100106,-18.66650276,0,,0.009118354333,14.4376383,0,5263
Vietnam 2007-2020,test half,5,S4,CC,0.45,673473,0.5881098431,-6.269347919,502296,0,,-0.05613180953,-11.16986767,0.001078201064,0.5098694258,0.0101965554,4.04560148,0,5263
Vietnam 2007-2020,test half,5,S4,P,0.25,673473,0.6421830524,-6.213216109,502296,0.05613180953,11.16986767,0,,0.0572100106,15.92010777,0.06632836493,21.24194446,0,5263
Vietnam 2007-2020,test half,5,S4,GK,0.2,673473,0.6931577155,-6.162349804,502296,0.106998115,17.81755775,0.0508663055,38.606611,0.1080763161,23.38015185,0.1171946704,28.15507016,0,5263
Vietnam 2007-2020,test half,5,S4,RS,0.15,673473,0.7358960831,-6.119722424,502296,0.1496254944,21.81669131,0.09349368486,22.27921275,0.1507036955,25.4424039,0.1598220498,28.06742158,0,5263
Vietnam 2007-2020,test half,5,S4,o2+P,0.5,673473,0.6128522031,-6.243805158,502296,0.02554276057,9.406324075,-0.03058904896,-4.38604154,0.02662096163,7.223917568,0.03573931597,8.285127201,0,5263
Vietnam 2007-2020,test half,5,S4,o2+GK,0.45,673473,0.615477451,-6.240865834,502296,0.02848208503,11.55250553,-0.02764972451,-4.255181124,0.02956028609,8.956642782,0.03867864042,9.839608173,0,5263
Vietnam 2007-2020,test half,5,S4,YZ (daily form),0.45,673473,0.6195461712,-6.236657533,502296,0.03269038514,11.96194122,-0.02344142439,-3.450697558,0.03376858621,9.331848303,0.04288694054,10.09368352,0,5263
Vietnam 2007-2020,test half,5,S4,"Anam, open-free special case (b=0)",0.55,673473,0.5768435698,-6.279544474,502296,-0.0101965554,-4.04560148,-0.06632836493,-21.24194446,-0.009118354333,-13.63558859,0,,0,5263
Vietnam 2007-2020,test half,5,S4,Anam,0.55,673473,0.5857991276,-6.27042612,502296,-0.001078201064,-0.5098694258,-0.0572100106,-15.92010777,0,,0.009118354333,13.63558859,0,5263
Vietnam 2007-2020,test half,21,S0,CC,0.4,797796,0.2736848769,-6.115942721,567386,0,,-0.07729911944,-18.83205519,-0.01130811049,-7.266020954,-0.00330166756,-1.59974735,,
Vietnam 2007-2020,test half,21,S0,P,0.3,797796,0.3509839963,-6.038643601,567386,0.07729911944,18.83205519,0,,0.06599100896,21.73820367,0.07399745188,29.35589831,,
Vietnam 2007-2020,test half,21,S0,GK,0.25,797796,0.4359396757,-5.953687922,567386,0.1622547988,27.77993094,0.08495567933,35.69267846,0.1509466883,30.10552005,0.1589531312,34.45534875,,
Vietnam 2007-2020,test half,21,S0,RS,0.2,797796,0.533373399,-5.856254199,567386,0.2596885221,23.59708177,0.1823894026,19.94754541,0.2483804116,23.08304355,0.2563868545,24.10284734,,
Vietnam 2007-2020,test half,21,S0,o2+P,0.4,797796,0.3001306702,-6.089496927,567386,0.02644579327,7.354186948,-0.05085332617,-7.022860379,0.01513768279,3.364636713,0.02314412571,4.424683692,,
Vietnam 2007-2020,test half,21,S0,o2+GK,0.4,797796,0.3020330935,-6.087594504,567386,0.02834821663,8.699626129,-0.04895090282,-7.199675781,0.01704010614,4.169834858,0.02504654907,5.198586104,,
Vietnam 2007-2020,test half,21,S0,YZ (daily form),0.4,797796,0.3059158194,-6.083711778,567386,0.03223094255,9.036520836,-0.04506817689,-6.343277947,0.02092283206,4.743438234,0.02892927499,5.623503151,,
Vietnam 2007-2020,test half,21,S0,"Anam, open-free special case (b=0)",0.45,797796,0.2769865444,-6.112641053,567386,0.00330166756,1.59974735,-0.07399745188,-29.35589831,-0.008006442928,-10.02608569,0,,,
Vietnam 2007-2020,test half,21,S0,Anam,0.4,797796,0.2849929874,-6.10463461,567386,0.01130811049,7.266020954,-0.06599100896,-21.73820367,0,,0.008006442928,10.02608569,,
Vietnam 2007-2020,test half,21,S1,CC,0.4,797796,0.2736848769,-6.115942721,554591,0,,-0.07729911944,-18.83205519,-0.01130811049,-7.266020954,-0.00330166756,-1.59974735,,
Vietnam 2007-2020,test half,21,S1,P,0.3,797796,0.3509839963,-6.038643601,554591,0.07729911944,18.83205519,0,,0.06599100896,21.73820367,0.07399745188,29.35589831,,
Vietnam 2007-2020,test half,21,S1,GK,0.25,797796,0.4359396757,-5.953687922,554591,0.1622547988,27.77993094,0.08495567933,35.69267846,0.1509466883,30.10552005,0.1589531312,34.45534875,,
Vietnam 2007-2020,test half,21,S1,RS,0.2,797796,0.533373399,-5.856254199,554591,0.2596885221,23.59708177,0.1823894026,19.94754541,0.2483804116,23.08304355,0.2563868545,24.10284734,,
Vietnam 2007-2020,test half,21,S1,o2+P,0.4,797796,0.3001306702,-6.089496927,554591,0.02644579327,7.354186948,-0.05085332617,-7.022860379,0.01513768279,3.364636713,0.02314412571,4.424683692,,
Vietnam 2007-2020,test half,21,S1,o2+GK,0.4,797796,0.3020330935,-6.087594504,554591,0.02834821663,8.699626129,-0.04895090282,-7.199675781,0.01704010614,4.169834858,0.02504654907,5.198586104,,
Vietnam 2007-2020,test half,21,S1,YZ (daily form),0.4,797796,0.3059158194,-6.083711778,554591,0.03223094255,9.036520836,-0.04506817689,-6.343277947,0.02092283206,4.743438234,0.02892927499,5.623503151,,
Vietnam 2007-2020,test half,21,S1,"Anam, open-free special case (b=0)",0.45,797796,0.2769865444,-6.112641053,554591,0.00330166756,1.59974735,-0.07399745188,-29.35589831,-0.008006442928,-10.02608569,0,,,
Vietnam 2007-2020,test half,21,S1,Anam,0.4,797796,0.2849929874,-6.10463461,554591,0.01130811049,7.266020954,-0.06599100896,-21.73820367,0,,0.008006442928,10.02608569,,
Vietnam 2007-2020,test half,21,S2,CC,0.4,540997,0.2846618267,-6.334455467,418776,0,,-0.0309556848,-5.177866537,-0.003106042693,-0.6310833234,0.002261374249,0.9087172074,,
Vietnam 2007-2020,test half,21,S2,P,0.4,540997,0.3156175115,-6.303499782,418776,0.0309556848,5.177866537,0,,0.02784964211,7.268080358,0.03321705905,11.45047355,,
Vietnam 2007-2020,test half,21,S2,GK,0.4,540997,0.3452320553,-6.273885238,418776,0.06057022867,8.291999492,0.02961454386,18.20595196,0.05746418597,10.7150193,0.06283160291,14.20376675,,
Vietnam 2007-2020,test half,21,S2,RS,0.3,540997,0.358630373,-6.260486921,418776,0.07396854635,10.54381306,0.04301286154,18.57199142,0.07086250365,13.86579868,0.07622992059,17.56657083,,
Vietnam 2007-2020,test half,21,S2,o2+P,0.4,540997,0.3152286203,-6.303888674,418776,0.03056679361,5.129724546,-0.0003888911935,-0.2405405346,0.02746075091,4.410359497,0.03282816786,4.457361263,,
Vietnam 2007-2020,test half,21,S2,o2+GK,0.4,540997,0.315626407,-6.303490887,418776,0.03096458035,5.623874343,8.895546581e-06,-0.2129032036,0.02785853765,4.982332617,0.0332259546,4.935117267,,
Vietnam 2007-2020,test half,21,S2,YZ (daily form),0.4,540997,0.3193806245,-6.299736669,418776,0.03471879781,5.818797339,0.003763113011,0.1732286931,0.03161275512,5.218627323,0.03698017206,5.136848689,,
Vietnam 2007-2020,test half,21,S2,"Anam, open-free special case (b=0)",0.45,540997,0.2824004524,-6.336716841,418776,-0.002261374249,-0.9087172074,-0.03321705905,-11.45047355,-0.005367416942,-4.552054064,0,,,
Vietnam 2007-2020,test half,21,S2,Anam,0.45,540997,0.2877678694,-6.331349424,418776,0.003106042693,0.6310833234,-0.02784964211,-7.268080358,0,,0.005367416942,4.552054064,,
Vietnam 2007-2020,test half,21,S3,CC,0.4,541686,0.2831199571,-6.333364241,420420,0,,-0.03944349944,-6.312760584,-0.00339802574,-0.7438201594,0.002078672802,0.8533204287,0,16
Vietnam 2007-2020,test half,21,S3,P,0.25,541686,0.3225579071,-6.293920741,420420,0.03944349944,6.312760584,0,,0.0360454737,8.502378512,0.04152217224,12.27659756,0,16
Vietnam 2007-2020,test half,21,S3,GK,0.25,541686,0.3509116153,-6.265567129,420420,0.06779711185,8.890972934,0.02835361241,17.10774522,0.06439908611,11.18946285,0.06987578465,14.36320846,0,16
Vietnam 2007-2020,test half,21,S3,RS,0.2,541686,0.362504906,-6.253974774,420420,0.07938946652,11.06332088,0.03994596709,17.89663201,0.07599144078,14.1943143,0.08146813932,17.57925531,0,16
Vietnam 2007-2020,test half,21,S3,o2+P,0.4,541686,0.3137927718,-6.30268895,420420,0.03067529094,5.169653374,-0.008768208501,-1.074535392,0.0272772652,4.377816585,0.03275396374,4.452632087,0,16
Vietnam 2007-2020,test half,21,S3,o2+GK,0.4,541686,0.3141683897,-6.302313487,420420,0.03105075385,5.662071068,-0.008392745591,-1.102724234,0.02765272811,4.935719029,0.03312942665,4.922711283,0,16
Vietnam 2007-2020,test half,21,S3,YZ (daily form),0.4,541686,0.3179472604,-6.298534687,420420,0.03482955374,5.862224138,-0.004613945695,-0.6847279135,0.031431528,5.181656624,0.03690822654,5.130719399,0,16
Vietnam 2007-2020,test half,21,S3,"Anam, open-free special case (b=0)",0.45,541686,0.2810377609,-6.335442913,420420,-0.002078672802,-0.8533204287,-0.04152217224,-12.27659756,-0.005476698541,-4.70479718,0,,0,16
Vietnam 2007-2020,test half,21,S3,Anam,0.45,541686,0.2865131154,-6.329966215,420420,0.00339802574,0.7438201594,-0.0360454737,-8.502378512,0,,0.005476698541,4.70479718,0,16
Vietnam 2007-2020,test half,21,S4,CC,0.4,541686,0.2831199571,-6.333364241,420420,0,,-0.03944349944,-6.07162573,-0.00339802574,-1.512795848,0.002078672802,0.6984970648,0,16
Vietnam 2007-2020,test half,21,S4,P,0.25,541686,0.3225579071,-6.293920741,420420,0.03944349944,6.07162573,0,,0.0360454737,7.145524195,0.04152217224,10.47665115,0,16
Vietnam 2007-2020,test half,21,S4,GK,0.25,541686,0.3509116153,-6.265567129,420420,0.06779711185,8.219210563,0.02835361241,14.8826492,0.06439908611,9.474267468,0.06987578465,12.2495349,0,16
Vietnam 2007-2020,test half,21,S4,RS,0.2,541686,0.362504906,-6.253974774,420420,0.07938946652,10.43291939,0.03994596709,16.67040855,0.07599144078,12.24957891,0.08146813932,15.37130373,0,16
Vietnam 2007-2020,test half,21,S4,o2+P,0.4,541686,0.3137927718,-6.30268895,420420,0.03067529094,5.224115766,-0.008768208501,-0.7626414702,0.0272772652,4.046941923,0.03275396374,4.107931192,0,16
Vietnam 2007-2020,test half,21,S4,o2+GK,0.4,541686,0.3141683897,-6.302313487,420420,0.03105075385,5.796434113,-0.008392745591,-0.7741797706,0.02765272811,4.542238163,0.03312942665,4.524765281,0,16
Vietnam 2007-2020,test half,21,S4,YZ (daily form),0.4,541686,0.3179472604,-6.298534687,420420,0.03482955374,5.937822154,-0.004613945695,-0.4064781424,0.031431528,4.74724211,0.03690822654,4.699636509,0,16
Vietnam 2007-2020,test half,21,S4,"Anam, open-free special case (b=0)",0.45,541686,0.2810377609,-6.335442913,420420,-0.002078672802,-0.6984970648,-0.04152217224,-10.47665115,-0.005476698541,-4.328190032,0,,0,16
Vietnam 2007-2020,test half,21,S4,Anam,0.45,541686,0.2865131154,-6.329966215,420420,0.00339802574,1.512795848,-0.0360454737,-7.145524195,0,,0.005476698541,4.328190032,0,16
DSE 2009-2021,test half,5,S0,CC,0.45,441717,0.6213801475,-6.494582945,325806,0,,0.005212150489,1.400830749,0.0169871751,6.171332256,0.02060989699,8.303497094,,
DSE 2009-2021,test half,5,S0,P,0.55,441717,0.616167997,-6.499795095,325806,-0.005212150489,-1.400830749,0,,0.01177502462,9.553254871,0.0153977465,10.97441398,,
DSE 2009-2021,test half,5,S0,GK,0.55,441717,0.6257119496,-6.490251143,325806,0.004331802054,1.40478889,0.009543952543,11.62328205,0.02131897716,12.45193661,0.02494169905,12.89481363,,
DSE 2009-2021,test half,5,S0,RS,0.5,441717,0.6366788979,-6.479284195,325806,0.01529875041,4.255918569,0.02051090089,11.67816687,0.03228592551,13.83616503,0.0359086474,13.92983841,,
DSE 2009-2021,test half,5,S0,o2+P,0.6,441717,0.6228446385,-6.493118454,325806,0.00146449098,0.8144736776,0.006676641469,2.885613447,0.01845166609,12.53954817,0.02207438797,13.49240512,,
DSE 2009-2021,test half,5,S0,o2+GK,0.6,441717,0.6289447659,-6.487018327,325806,0.007564618353,2.588774471,0.01277676884,5.152305487,0.02455179346,13.23042504,0.02817451534,13.56012681,,
DSE 2009-2021,test half,5,S0,YZ (daily form),0.6,441717,0.6322080342,-6.483755058,325806,0.0108278867,3.533724245,0.01604003719,6.005639611,0.02781506181,13.55707396,0.0314377837,13.87690308,,
DSE 2009-2021,test half,5,S0,"Anam, open-free special case (b=0)",0.6,441717,0.6007702505,-6.515192842,325806,-0.02060989699,-8.303497094,-0.0153977465,-10.97441398,-0.003622721886,-9.073722685,0,,,
DSE 2009-2021,test half,5,S0,Anam,0.6,441717,0.6043929724,-6.51157012,325806,-0.0169871751,-6.171332256,-0.01177502462,-9.553254871,0,,0.003622721886,9.073722685,,
DSE 2009-2021,test half,5,S1,CC,0.45,441717,0.6213801475,-6.494582945,324434,0,,0.005212150489,1.400830749,0.0169871751,6.171332256,0.02060989699,8.303497094,,
DSE 2009-2021,test half,5,S1,P,0.55,441717,0.616167997,-6.499795095,324434,-0.005212150489,-1.400830749,0,,0.01177502462,9.553254871,0.0153977465,10.97441398,,
DSE 2009-2021,test half,5,S1,GK,0.55,441717,0.6257119496,-6.490251143,324434,0.004331802054,1.40478889,0.009543952543,11.62328205,0.02131897716,12.45193661,0.02494169905,12.89481363,,
DSE 2009-2021,test half,5,S1,RS,0.5,441717,0.6366788979,-6.479284195,324434,0.01529875041,4.255918569,0.02051090089,11.67816687,0.03228592551,13.83616503,0.0359086474,13.92983841,,
DSE 2009-2021,test half,5,S1,o2+P,0.6,441717,0.6228446385,-6.493118454,324434,0.00146449098,0.8144736776,0.006676641469,2.885613447,0.01845166609,12.53954817,0.02207438797,13.49240512,,
DSE 2009-2021,test half,5,S1,o2+GK,0.6,441717,0.6289447659,-6.487018327,324434,0.007564618353,2.588774471,0.01277676884,5.152305487,0.02455179346,13.23042504,0.02817451534,13.56012681,,
DSE 2009-2021,test half,5,S1,YZ (daily form),0.6,441717,0.6322080342,-6.483755058,324434,0.0108278867,3.533724245,0.01604003719,6.005639611,0.02781506181,13.55707396,0.0314377837,13.87690308,,
DSE 2009-2021,test half,5,S1,"Anam, open-free special case (b=0)",0.6,441717,0.6007702505,-6.515192842,324434,-0.02060989699,-8.303497094,-0.0153977465,-10.97441398,-0.003622721886,-9.073722685,0,,,
DSE 2009-2021,test half,5,S1,Anam,0.6,441717,0.6043929724,-6.51157012,324434,-0.0169871751,-6.171332256,-0.01177502462,-9.553254871,0,,0.003622721886,9.073722685,,
DSE 2009-2021,test half,5,S2,CC,0.5,423619,0.621391946,-6.508986816,296399,0,,0.01088962928,3.03667525,0.01950655033,6.735642566,0.02262035844,8.65501117,,
DSE 2009-2021,test half,5,S2,P,0.6,423619,0.6105023168,-6.519876445,296399,-0.01088962928,-3.03667525,0,,0.008616921049,7.056851854,0.01173072916,8.417179077,,
DSE 2009-2021,test half,5,S2,GK,0.6,423619,0.6201933543,-6.510185408,296399,-0.001198591789,-0.09742302049,0.009691037488,12.42787132,0.01830795854,10.85382612,0.02142176665,11.22949377,,
DSE 2009-2021,test half,5,S2,RS,0.55,423619,0.63157326,-6.498805502,296399,0.01018131397,2.944812496,0.02107094325,12.85441425,0.0296878643,13.15050465,0.03280167241,13.11035838,,
DSE 2009-2021,test half,5,S2,o2+P,0.6,423619,0.6186776376,-6.511701125,296399,-0.002714308438,-0.6603345161,0.008175320839,3.818027744,0.01679224189,11.95188888,0.01990605,12.40545764,,
DSE 2009-2021,test half,5,S2,o2+GK,0.6,423619,0.6247314956,-6.505647267,296399,0.003339549522,1.316366525,0.0142291788,6.225060363,0.02284609985,12.7389617,0.02595990796,12.75250724,,
DSE 2009-2021,test half,5,S2,YZ (daily form),0.6,423619,0.6279300507,-6.502448711,296399,0.006538104672,2.283178299,0.01742773395,7.021834477,0.026044655,13.19248044,0.02915846311,13.21444477,,
DSE 2009-2021,test half,5,S2,"Anam, open-free special case (b=0)",0.65,423619,0.5987715876,-6.531607175,296399,-0.02262035844,-8.65501117,-0.01173072916,-8.417179077,-0.003113808113,-7.578313087,0,,,
DSE 2009-2021,test half,5,S2,Anam,0.65,423619,0.6018853957,-6.528493366,296399,-0.01950655033,-6.735642566,-0.008616921049,-7.056851854,0,,0.003113808113,7.578313087,,
DSE 2009-2021,test half,5,S3,CC,0.5,434538,0.5768398857,-6.53184008,296512,0,,-0.0455217542,-1.00883134,0.02231360321,7.542319978,0.02526907202,9.209529977,0,8228
DSE 2009-2021,test half,5,S3,P,0.6,434538,0.6260202369,-6.486318326,296512,0.0455217542,1.00883134,0,,0.06783535742,1.603860175,0.07079082623,1.684707972,0,8228
DSE 2009-2021,test half,5,S3,GK,0.6,434538,0.6201687833,-6.491896739,296512,0.03994334107,1.257868087,-0.005578413135,-0.3281105912,0.06225694428,2.079312364,0.06521241309,2.19001023,0,8228
DSE 2009-2021,test half,5,S3,RS,0.55,434538,0.6087451039,-6.50100208,296512,0.03083799969,2.151920269,-0.01468375451,-0.3655283034,0.05315160291,3.885038734,0.05610707172,4.106907021,0,8228
DSE 2009-2021,test half,5,S3,o2+P,0.6,434538,0.575348088,-6.537126218,296512,-0.005286137834,-1.769785792,-0.05080789204,-1.143381591,0.01702746538,11.85607589,0.01998293419,12.23750704,0,8228
DSE 2009-2021,test half,5,S3,o2+GK,0.6,434538,0.5814441747,-6.531068122,296512,0.0007719579292,0.3161912761,-0.04474979627,-0.9829868441,0.02308556114,12.48267529,0.02604102995,12.49393614,0,8228
DSE 2009-2021,test half,5,S3,YZ (daily form),0.6,434538,0.5846468282,-6.52782051,296512,0.004019569534,1.279712755,-0.04150218467,-0.8979215445,0.02633317275,13.00702818,0.02928864156,13.0127473,0,8228
DSE 2009-2021,test half,5,S3,"Anam, open-free special case (b=0)",0.65,434538,0.5564574617,-6.557109152,296512,-0.02526907202,-9.209529977,-0.07079082623,-1.684707972,-0.002955468811,-7.168917109,0,,0,8228
DSE 2009-2021,test half,5,S3,Anam,0.65,434538,0.5595469319,-6.554153683,296512,-0.02231360321,-7.542319978,-0.06783535742,-1.603860175,0,,0.002955468811,7.168917109,0,8228
DSE 2009-2021,test half,5,S4,CC,0.5,434538,0.5768398857,-6.53184008,296512,0,,-0.0455217542,-0.9138376853,0.02231360321,6.634998649,0.02526907202,8.129744814,0,8228
DSE 2009-2021,test half,5,S4,P,0.6,434538,0.6260202369,-6.486318326,296512,0.0455217542,0.9138376853,0,,0.06783535742,1.365558902,0.07079082623,1.426652513,0,8228
DSE 2009-2021,test half,5,S4,GK,0.6,434538,0.6201687833,-6.491896739,296512,0.03994334107,1.097105375,-0.005578413135,-0.4120321664,0.06225694428,1.719483726,0.06521241309,1.803468909,0,8228
DSE 2009-2021,test half,5,S4,RS,0.55,434538,0.6087451039,-6.50100208,296512,0.03083799969,1.744134589,-0.01468375451,-0.4505025249,0.05315160291,3.061846524,0.05610707172,3.235707526,0,8228
DSE 2009-2021,test half,5,S4,o2+P,0.6,434538,0.575348088,-6.537126218,296512,-0.005286137834,-1.59693244,-0.05080789204,-1.016887075,0.01702746538,10.07254424,0.01998293419,10.48413196,0,8228
DSE 2009-2021,test half,5,S4,o2+GK,0.6,434538,0.5814441747,-6.531068122,296512,0.0007719579292,0.208474437,-0.04474979627,-0.8970508953,0.02308556114,10.99495177,0.02604102995,11.04782186,0,8228
DSE 2009-2021,test half,5,S4,YZ (daily form),0.6,434538,0.5846468282,-6.52782051,296512,0.004019569534,1.064680647,-0.04150218467,-0.8311477348,0.02633317275,11.3046468,0.02928864156,11.36980465,0,8228
DSE 2009-2021,test half,5,S4,"Anam, open-free special case (b=0)",0.65,434538,0.5564574617,-6.557109152,296512,-0.02526907202,-8.129744814,-0.07079082623,-1.426652513,-0.002955468811,-6.236931627,0,,0,8228
DSE 2009-2021,test half,5,S4,Anam,0.65,434538,0.5595469319,-6.554153683,296512,-0.02231360321,-6.634998649,-0.06783535742,-1.365558902,0,,0.002955468811,6.236931627,0,8228
DSE 2009-2021,test half,21,S0,CC,0.45,443478,0.3631422613,-6.441971879,325552,0,,0.003644066537,0.7034843424,0.01074676343,3.016788135,0.0123826554,3.910454076,,
DSE 2009-2021,test half,21,S0,P,0.5,443478,0.3594981948,-6.445615946,325552,-0.003644066537,-0.7034843424,0,,0.007102696889,3.651977606,0.008738588861,4.177455178,,
DSE 2009-2021,test half,21,S0,GK,0.5,443478,0.3629129549,-6.442201186,325552,-0.0002293064383,0.03651900838,0.003414760099,2.817370023,0.01051745699,3.733220709,0.01215334896,4.014395391,,
DSE 2009-2021,test half,21,S0,RS,0.5,443478,0.3653696679,-6.439744473,325552,0.002227406594,0.4593862598,0.005871473131,2.784109622,0.01297417002,4.083663826,0.01461006199,4.192874348,,
DSE 2009-2021,test half,21,S0,o2+P,0.55,443478,0.3653104565,-6.439803684,325552,0.002168195156,0.7292350267,0.005812261694,1.547851174,0.01291495858,5.504464255,0.01455085056,5.505339687,,
DSE 2009-2021,test half,21,S0,o2+GK,0.55,443478,0.3666239996,-6.438490141,325552,0.003481738293,0.9155964239,0.00712580483,1.908183886,0.01422850172,5.46325489,0.01586439369,5.335113155,,
DSE 2009-2021,test half,21,S0,YZ (daily form),0.55,443478,0.3694396916,-6.435674449,325552,0.006297430217,1.497314581,0.009941496754,2.425290319,0.01704419364,5.66554809,0.01868008562,5.531947596,,
DSE 2009-2021,test half,21,S0,"Anam, open-free special case (b=0)",0.55,443478,0.3507596059,-6.454354535,325552,-0.0123826554,-3.910454076,-0.008738588861,-4.177455178,-0.001635891972,-2.823582583,0,,,
DSE 2009-2021,test half,21,S0,Anam,0.55,443478,0.3523954979,-6.452718643,325552,-0.01074676343,-3.016788135,-0.007102696889,-3.651977606,0,,0.001635891972,2.823582583,,
DSE 2009-2021,test half,21,S1,CC,0.5,443478,0.366502409,-6.438611732,319771,0,,0.007004214144,1.408176915,0.01161611699,3.157002382,0.01574280301,4.784297924,,
DSE 2009-2021,test half,21,S1,P,0.5,443478,0.3594981948,-6.445615946,319771,-0.007004214144,-1.408176915,0,,0.004611902841,1.537890867,0.008738588861,4.177455178,,
DSE 2009-2021,test half,21,S1,GK,0.55,443478,0.3643787566,-6.440735384,319771,-0.002123652396,-0.3358883639,0.004880561748,5.861226306,0.009492464589,3.034033214,0.01361915061,5.433819276,,
DSE 2009-2021,test half,21,S1,RS,0.5,443478,0.3653696679,-6.439744473,319771,-0.001132741013,-0.2105241384,0.005871473131,2.784109622,0.01048337597,2.428803842,0.01461006199,4.192874348,,
DSE 2009-2021,test half,21,S1,o2+P,0.55,443478,0.3653104565,-6.439803684,319771,-0.00119195245,-0.2476713306,0.005812261694,1.547851174,0.01042416453,3.976579156,0.01455085056,5.505339687,,
DSE 2009-2021,test half,21,S1,o2+GK,0.55,443478,0.3666239996,-6.438490141,319771,0.0001215906863,0.03907068093,0.00712580483,1.908183886,0.01173770767,3.733453362,0.01586439369,5.335113155,,
DSE 2009-2021,test half,21,S1,YZ (daily form),0.55,443478,0.3694396916,-6.435674449,319771,0.00293728261,0.6304939686,0.009941496754,2.425290319,0.0145533996,4.173740563,0.01868008562,5.531947596,,
DSE 2009-2021,test half,21,S1,"Anam, open-free special case (b=0)",0.55,443478,0.3507596059,-6.454354535,319771,-0.01574280301,-4.784297924,-0.008738588861,-4.177455178,-0.00412668602,-4.147476138,0,,,
DSE 2009-2021,test half,21,S1,Anam,0.6,443478,0.354886292,-6.450227849,319771,-0.01161611699,-3.157002382,-0.004611902841,-1.537890867,0,,0.00412668602,4.147476138,,
DSE 2009-2021,test half,21,S2,CC,0.5,375358,0.3443027569,-6.486970115,240863,0,,0.006811838735,1.20716758,0.01262165299,3.076658021,0.0137835231,3.840966531,,
DSE 2009-2021,test half,21,S2,P,0.6,375358,0.3374909182,-6.493781954,240863,-0.006811838735,-1.20716758,0,,0.00580981425,4.05249701,0.006971684367,4.492238587,,
DSE 2009-2021,test half,21,S2,GK,0.6,375358,0.3408662458,-6.490406627,240863,-0.003436511093,-0.4106748353,0.003375327642,2.440237289,0.009185141892,4.034937243,0.01034701201,4.166234988,,
DSE 2009-2021,test half,21,S2,RS,0.6,375358,0.3443061164,-6.486966756,240863,3.359513989e-06,0.2451008111,0.006815198249,2.979743356,0.0126250125,4.626141104,0.01378688262,4.555668434,,
DSE 2009-2021,test half,21,S2,o2+P,0.55,375358,0.3414665499,-6.489806323,240863,-0.002836207038,-0.4165242198,0.003975631697,1.121612744,0.009785445947,4.242774276,0.01094731606,4.300574276,,
DSE 2009-2021,test half,21,S2,o2+GK,0.55,375358,0.3428567424,-6.48841613,240863,-0.001446014482,-0.06271790787,0.005365824253,1.452103605,0.0111756385,4.093782179,0.01233750862,4.088050814,,
DSE 2009-2021,test half,21,S2,YZ (daily form),0.55,375358,0.3452662909,-6.486006581,240863,0.000963533976,0.474474869,0.007775372711,1.979034928,0.01358518696,4.513986356,0.01474705708,4.46414694,,
DSE 2009-2021,test half,21,S2,"Anam, open-free special case (b=0)",0.6,375358,0.3305192338,-6.500753639,240863,-0.0137835231,-3.840966531,-0.006971684367,-4.492238587,-0.001161870117,-2.177093846,0,,,
DSE 2009-2021,test half,21,S2,Anam,0.6,375358,0.3316811039,-6.499591768,240863,-0.01262165299,-3.076658021,-0.00580981425,-4.05249701,0,,0.001161870117,2.177093846,,
DSE 2009-2021,test half,21,S3,CC,0.5,379098,0.333571564,-6.487260565,240863,0,,-0.04678685929,-0.9862881788,0.01086879845,2.675645119,0.01208298585,3.362700261,0,1541
DSE 2009-2021,test half,21,S3,P,0.6,379098,0.3810107542,-6.440473706,240863,0.04678685929,0.9862881788,0,,0.05765565775,1.23997957,0.05886984514,1.276392773,0,1541
DSE 2009-2021,test half,21,S3,GK,0.6,379098,0.3700291038,-6.451518919,240863,0.03574164689,1.045566572,-0.01104521241,-0.8019071057,0.04661044534,1.399685007,0.04782463273,1.44959159,0,1541
DSE 2009-2021,test half,21,S3,RS,0.6,379098,0.3560995803,-6.465456974,240863,0.0218035916,1.207732392,-0.0249832677,-0.8077831657,0.03267239005,1.903143429,0.03388657744,1.994216552,0,1541
DSE 2009-2021,test half,21,S3,o2+P,0.55,379098,0.3319106113,-6.489382663,240863,-0.002122097918,-0.2722505404,-0.04890895721,-1.010033969,0.008746700537,3.78558236,0.00996088793,3.908760543,0,1541
DSE 2009-2021,test half,21,S3,o2+GK,0.55,379098,0.3333637274,-6.488025404,240863,-0.0007648380289,0.07613336069,-0.04755169732,-0.9808135584,0.01010396043,3.757348184,0.01131814782,3.806723588,0,1541
DSE 2009-2021,test half,21,S3,YZ (daily form),0.55,379098,0.3358963995,-6.485494703,240863,0.001765862419,0.6553343511,-0.04502099687,-0.9141037932,0.01263466087,4.285083063,0.01384884827,4.274380047,0,1541
DSE 2009-2021,test half,21,S3,"Anam, open-free special case (b=0)",0.6,379098,0.3219212457,-6.499343551,240863,-0.01208298585,-3.362700261,-0.05886984514,-1.276392773,-0.001214187393,-2.23458056,0,,0,1541
DSE 2009-2021,test half,21,S3,Anam,0.6,379098,0.3231937034,-6.498129364,240863,-0.01086879845,-2.675645119,-0.05765565775,-1.23997957,0,,0.001214187393,2.23458056,0,1541
DSE 2009-2021,test half,21,S4,CC,0.5,379098,0.333571564,-6.487260565,240863,0,,-0.04678685929,-0.9428905828,0.01086879845,2.461847258,0.01208298585,3.018237197,0,1541
DSE 2009-2021,test half,21,S4,P,0.6,379098,0.3810107542,-6.440473706,240863,0.04678685929,0.9428905828,0,,0.05765565775,1.176350402,0.05886984514,1.204753423,0,1541
DSE 2009-2021,test half,21,S4,GK,0.6,379098,0.3700291038,-6.451518919,240863,0.03574164689,0.9773509494,-0.01104521241,-0.8278661566,0.04661044534,1.301492509,0.04782463273,1.340303216,0,1541
DSE 2009-2021,test half,21,S4,RS,0.6,379098,0.3560995803,-6.465456974,240863,0.0218035916,1.068307611,-0.0249832677,-0.8308313191,0.03267239005,1.694774441,0.03388657744,1.765233193,0,1541
DSE 2009-2021,test half,21,S4,o2+P,0.55,379098,0.3319106113,-6.489382663,240863,-0.002122097918,-0.4820626112,-0.04890895721,-0.9827971448,0.008746700537,3.203601415,0.00996088793,3.300491875,0,1541
DSE 2009-2021,test half,21,S4,o2+GK,0.55,379098,0.3333637274,-6.488025404,240863,-0.0007648380289,-0.1516086878,-0.04755169732,-0.959521543,0.01010396043,3.238497713,0.01131814782,3.265527418,0,1541
DSE 2009-2021,test half,21,S4,YZ (daily form),0.55,379098,0.3358963995,-6.485494703,240863,0.001765862419,0.3382253876,-0.04502099687,-0.9048931251,0.01263466087,3.640126423,0.01384884827,3.621407662,0,1541
DSE 2009-2021,test half,21,S4,"Anam, open-free special case (b=0)",0.6,379098,0.3219212457,-6.499343551,240863,-0.01208298585,-3.018237197,-0.05886984514,-1.204753423,-0.001214187393,-1.786874894,0,,0,1541
DSE 2009-2021,test half,21,S4,Anam,0.6,379098,0.3231937034,-6.498129364,240863,-0.01086879845,-2.461847258,-0.05765565775,-1.176350402,0,,0.001214187393,1.786874894,0,1541
Morocco 2012-2026,test half,5,S0,CC,0.3,65894,0.6784052473,-6.765899376,37083,0,,-0.0568041359,-7.972061187,0.007815696969,2.056403176,0.01507495275,4.531342044,,
Morocco 2012-2026,test half,5,S0,P,0.3,65894,0.7352093832,-6.70909524,37083,0.0568041359,7.972061187,0,,0.06461983287,11.01084449,0.07187908865,12.59543035,,
Morocco 2012-2026,test half,5,S0,GK,0.3,65894,0.8046807367,-6.639623887,37083,0.1262754894,11.01832175,0.0694713535,11.97457157,0.1340911864,12.69495533,0.1413504421,13.43645484,,
Morocco 2012-2026,test half,5,S0,RS,0.2,65894,1.031299466,-6.413005158,37083,0.3528942183,4.238958567,0.2960900824,3.568501402,0.3607099152,4.335696984,0.367969171,4.438391962,,
Morocco 2012-2026,test half,5,S0,o2+P,0.35,65894,0.679382141,-6.764922483,37083,0.0009768937044,0.3222556977,-0.0558272422,-8.054376939,0.008792590674,3.079279067,0.01605184645,4.169433903,,
Morocco 2012-2026,test half,5,S0,o2+GK,0.35,65894,0.6836673877,-6.760637236,37083,0.005262140362,1.400358653,-0.05154199554,-7.167148813,0.01307783733,4.001698622,0.02033709311,4.633738467,,
Morocco 2012-2026,test half,5,S0,YZ (daily form),0.35,65894,0.6832567663,-6.761047857,37083,0.004851518981,1.328889761,-0.05195261692,-7.475441214,0.01266721595,4.258593512,0.01992647173,4.862272319,,
Morocco 2012-2026,test half,5,S0,"Anam, open-free special case (b=0)",0.4,65894,0.6633302946,-6.780974329,37083,-0.01507495275,-4.531342044,-0.07187908865,-12.59543035,-0.007259255777,-4.752743663,0,,,
Morocco 2012-2026,test half,5,S0,Anam,0.4,65894,0.6705895503,-6.773715073,37083,-0.007815696969,-2.056403176,-0.06461983287,-11.01084449,0,,0.007259255777,4.752743663,,
Morocco 2012-2026,test half,5,S1,CC,0.3,65894,0.6784052473,-6.765899376,36904,0,,-0.0568041359,-7.972061187,0.007815696969,2.056403176,0.01507495275,4.531342044,,
Morocco 2012-2026,test half,5,S1,P,0.3,65894,0.7352093832,-6.70909524,36904,0.0568041359,7.972061187,0,,0.06461983287,11.01084449,0.07187908865,12.59543035,,
Morocco 2012-2026,test half,5,S1,GK,0.3,65894,0.8046807367,-6.639623887,36904,0.1262754894,11.01832175,0.0694713535,11.97457157,0.1340911864,12.69495533,0.1413504421,13.43645484,,
Morocco 2012-2026,test half,5,S1,RS,0.2,65894,1.031299466,-6.413005158,36904,0.3528942183,4.238958567,0.2960900824,3.568501402,0.3607099152,4.335696984,0.367969171,4.438391962,,
Morocco 2012-2026,test half,5,S1,o2+P,0.35,65894,0.679382141,-6.764922483,36904,0.0009768937044,0.3222556977,-0.0558272422,-8.054376939,0.008792590674,3.079279067,0.01605184645,4.169433903,,
Morocco 2012-2026,test half,5,S1,o2+GK,0.35,65894,0.6836673877,-6.760637236,36904,0.005262140362,1.400358653,-0.05154199554,-7.167148813,0.01307783733,4.001698622,0.02033709311,4.633738467,,
Morocco 2012-2026,test half,5,S1,YZ (daily form),0.35,65894,0.6832567663,-6.761047857,36904,0.004851518981,1.328889761,-0.05195261692,-7.475441214,0.01266721595,4.258593512,0.01992647173,4.862272319,,
Morocco 2012-2026,test half,5,S1,"Anam, open-free special case (b=0)",0.4,65894,0.6633302946,-6.780974329,36904,-0.01507495275,-4.531342044,-0.07187908865,-12.59543035,-0.007259255777,-4.752743663,0,,,
Morocco 2012-2026,test half,5,S1,Anam,0.4,65894,0.6705895503,-6.773715073,36904,-0.007815696969,-2.056403176,-0.06461983287,-11.01084449,0,,0.007259255777,4.752743663,,
Morocco 2012-2026,test half,5,S2,CC,0.3,53246,0.6846773962,-6.799739989,26467,0,,-0.04117086999,-5.351389665,0.01094697416,2.365178223,0.01772943859,4.173540943,,
Morocco 2012-2026,test half,5,S2,P,0.4,53246,0.7258482661,-6.758569119,26467,0.04117086999,5.351389665,0,,0.05211784415,7.890727439,0.05890030858,9.428476052,,
Morocco 2012-2026,test half,5,S2,GK,0.4,53246,0.783345785,-6.7010716,26467,0.09866838886,7.621509348,0.05749751888,8.712051645,0.109615363,9.040508452,0.1163978275,9.725118777,,
Morocco 2012-2026,test half,5,S2,RS,0.3,53246,0.958529397,-6.525887988,26467,0.2738520008,4.091081004,0.2326811308,3.50778272,0.284798975,4.25781783,0.2915814394,4.375241228,,
Morocco 2012-2026,test half,5,S2,o2+P,0.4,53246,0.6842278918,-6.800189493,26467,-0.0004495043589,-0.2925231413,-0.04162037434,-5.388493641,0.0104974698,2.72875793,0.01727993424,3.448060919,,
Morocco 2012-2026,test half,5,S2,o2+GK,0.4,53246,0.6897393975,-6.794677988,26467,0.005062001332,0.9657546193,-0.03610886865,-4.511681558,0.0160089755,3.856519898,0.02279143993,4.1144876,,
Morocco 2012-2026,test half,5,S2,YZ (daily form),0.4,53246,0.6890786479,-6.795338737,26467,0.004401251761,0.894751304,-0.03676961822,-4.739363334,0.01534822592,4.153637901,0.02213069036,4.338111276,,
Morocco 2012-2026,test half,5,S2,"Anam, open-free special case (b=0)",0.45,53246,0.6669479576,-6.817469428,26467,-0.01772943859,-4.173540943,-0.05890030858,-9.428476052,-0.006782464431,-3.777680456,0,,,
Morocco 2012-2026,test half,5,S2,Anam,0.45,53246,0.673730422,-6.810686963,26467,-0.01094697416,-2.365178223,-0.05211784415,-7.890727439,0,,0.006782464431,3.777680456,,
Morocco 2012-2026,test half,5,S3,CC,0.3,57200,0.67243046,-6.807244391,29516,0,,-0.2523939174,-6.145114813,0.002741942266,0.1141020991,0.01103983411,2.645760668,0,202
Morocco 2012-2026,test half,5,S3,P,0.2,57200,0.9280270411,-6.554850474,29516,0.2523939174,6.145114813,0,,0.2551358596,6.281256444,0.2634337515,6.486466059,0,202
Morocco 2012-2026,test half,5,S3,GK,0.15,57200,1.190351569,-6.294314721,29516,0.5129296708,5.712606789,0.2605357534,5.225565819,0.5156716131,5.762126783,0.5239695049,5.855046572,0,202
Morocco 2012-2026,test half,5,S3,RS,0,57200,6.43346741,-1.071421929,29516,5.735822462,3.582983359,5.483428545,3.478116306,5.738564405,3.58469296,5.746862296,3.590081281,0,202
Morocco 2012-2026,test half,5,S3,o2+P,0.35,57200,0.6761931001,-6.803839193,29516,0.003405198256,0.8683575797,-0.2489887191,-6.105298815,0.006147140522,1.434076708,0.01444503236,3.064435304,0,202
Morocco 2012-2026,test half,5,S3,o2+GK,0.35,57200,0.6811635133,-6.798866842,29516,0.008377549578,1.943772001,-0.2440163678,-5.960988303,0.01111949184,2.740747255,0.01941738368,3.74760225,0,202
Morocco 2012-2026,test half,5,S3,YZ (daily form),0.35,57200,0.6816039895,-6.798482537,29516,0.008761854299,2.100775775,-0.2436320631,-5.965187963,0.01150379656,3.189390407,0.01980168841,4.11187686,0,202
Morocco 2012-2026,test half,5,S3,"Anam, open-free special case (b=0)",0.4,57200,0.661999265,-6.818284226,29516,-0.01103983411,-2.645760668,-0.2634337515,-6.486466059,-0.008297891841,-4.610021614,0,,0,202
Morocco 2012-2026,test half,5,S3,Anam,0.4,57200,0.6703731928,-6.809986334,29516,-0.002741942266,-0.1141020991,-0.2551358596,-6.281256444,0,,0.008297891841,4.610021614,0,202
Morocco 2012-2026,test half,5,S4,CC,0.3,57200,0.67243046,-6.807244391,29516,0,,-0.2523939174,-4.610916999,0.002741942266,0.6220806649,0.01103983411,2.705761476,0,202
Morocco 2012-2026,test half,5,S4,P,0.2,57200,0.9280270411,-6.554850474,29516,0.2523939174,4.610916999,0,,0.2551358596,4.740495651,0.2634337515,4.880171988,0,202
Morocco 2012-2026,test half,5,S4,GK,0.15,57200,1.190351569,-6.294314721,29516,0.5129296708,4.286212057,0.2605357534,3.943562923,0.5156716131,4.335624822,0.5239695049,4.399332395,0,202
Morocco 2012-2026,test half,5,S4,RS,0,57200,6.43346741,-1.071421929,29516,5.735822462,2.69626786,5.483428545,2.618253176,5.738564405,2.698622149,5.746862296,2.702347598,0,202
Morocco 2012-2026,test half,5,S4,o2+P,0.35,57200,0.6761931001,-6.803839193,29516,0.003405198256,0.7913728407,-0.2489887191,-4.577296121,0.006147140522,1.979796714,0.01444503236,3.369126252,0,202
Morocco 2012-2026,test half,5,S4,o2+GK,0.35,57200,0.6811635133,-6.798866842,29516,0.008377549578,1.803578689,-0.2440163678,-4.479089746,0.01111949184,3.082035664,0.01941738368,4.002543283,0,202
Morocco 2012-2026,test half,5,S4,YZ (daily form),0.35,57200,0.6816039895,-6.798482537,29516,0.008761854299,1.866066587,-0.2436320631,-4.486255045,0.01150379656,3.496115459,0.01980168841,4.335935513,0,202
Morocco 2012-2026,test half,5,S4,"Anam, open-free special case (b=0)",0.4,57200,0.661999265,-6.818284226,29516,-0.01103983411,-2.705761476,-0.2634337515,-4.880171988,-0.008297891841,-4.458632971,0,,0,202
Morocco 2012-2026,test half,5,S4,Anam,0.4,57200,0.6703731928,-6.809986334,29516,-0.002741942266,-0.6220806649,-0.2551358596,-4.740495651,0,,0.008297891841,4.458632971,0,202
Morocco 2012-2026,test half,21,S0,CC,0.3,71433,0.3363092932,-6.686441212,43201,0,,-0.08441707381,-5.707091117,0.004914062084,1.004861179,0.009073235145,1.940237105,,
Morocco 2012-2026,test half,21,S0,P,0.25,71433,0.420726367,-6.602024138,43201,0.08441707381,5.707091117,0,,0.0893311359,7.321686844,0.09349030896,8.060031262,,
Morocco 2012-2026,test half,21,S0,GK,0.25,71433,0.5346309518,-6.488119553,43201,0.1983216586,8.780191857,0.1139045848,10.27042559,0.2032357207,9.935175204,0.2073948938,10.17778238,,
Morocco 2012-2026,test half,21,S0,RS,0.1,71433,1.61855396,-5.404196544,43201,1.282244667,2.253521345,1.197827593,2.115594094,1.287158729,2.265618973,1.291317902,2.274559492,,
Morocco 2012-2026,test half,21,S0,o2+P,0.35,71433,0.331495086,-6.691255419,43201,-0.004814207151,-0.9558510179,-0.08923128096,-7.153896041,9.985493249e-05,-0.1893308258,0.004259027994,1.298143771,,
Morocco 2012-2026,test half,21,S0,o2+GK,0.35,71433,0.3334372382,-6.689313267,43201,-0.002872054984,-0.553918161,-0.0872891288,-6.917756059,0.0020420071,0.5563978502,0.006201180161,1.775458522,,
Morocco 2012-2026,test half,21,S0,YZ (daily form),0.35,71433,0.3332665795,-6.689483925,43201,-0.003042713713,-0.558808951,-0.08745978753,-7.058373865,0.00187134837,0.5301247101,0.006030521432,1.787368754,,
Morocco 2012-2026,test half,21,S0,"Anam, open-free special case (b=0)",0.35,71433,0.327236058,-6.695514447,43201,-0.009073235145,-1.940237105,-0.09349030896,-8.060031262,-0.004159173061,-2.384477798,0,,,
Morocco 2012-2026,test half,21,S0,Anam,0.4,71433,0.3313952311,-6.691355274,43201,-0.004914062084,-1.004861179,-0.0893311359,-7.321686844,0,,0.004159173061,2.384477798,,
Morocco 2012-2026,test half,21,S1,CC,0.3,71433,0.3363092932,-6.686441212,42253,0,,-0.08441707381,-5.707091117,0.004914062084,1.004861179,0.009073235145,1.940237105,,
Morocco 2012-2026,test half,21,S1,P,0.25,71433,0.420726367,-6.602024138,42253,0.08441707381,5.707091117,0,,0.0893311359,7.321686844,0.09349030896,8.060031262,,
Morocco 2012-2026,test half,21,S1,GK,0.25,71433,0.5346309518,-6.488119553,42253,0.1983216586,8.780191857,0.1139045848,10.27042559,0.2032357207,9.935175204,0.2073948938,10.17778238,,
Morocco 2012-2026,test half,21,S1,RS,0.15,71433,1.422352072,-5.600398433,42253,1.086042778,2.412561312,1.001625705,2.241050314,1.090956841,2.428217061,1.095116014,2.439431151,,
Morocco 2012-2026,test half,21,S1,o2+P,0.35,71433,0.331495086,-6.691255419,42253,-0.004814207151,-0.9558510179,-0.08923128096,-7.153896041,9.985493249e-05,-0.1893308258,0.004259027994,1.298143771,,
Morocco 2012-2026,test half,21,S1,o2+GK,0.35,71433,0.3334372382,-6.689313267,42253,-0.002872054984,-0.553918161,-0.0872891288,-6.917756059,0.0020420071,0.5563978502,0.006201180161,1.775458522,,
Morocco 2012-2026,test half,21,S1,YZ (daily form),0.4,71433,0.3347255012,-6.688025004,42253,-0.001583792029,-0.3490110148,-0.08600086584,-6.855669093,0.003330270055,1.00861043,0.007489443116,2.017282615,,
Morocco 2012-2026,test half,21,S1,"Anam, open-free special case (b=0)",0.35,71433,0.327236058,-6.695514447,42253,-0.009073235145,-1.940237105,-0.09349030896,-8.060031262,-0.004159173061,-2.384477798,0,,,
Morocco 2012-2026,test half,21,S1,Anam,0.4,71433,0.3313952311,-6.691355274,42253,-0.004914062084,-1.004861179,-0.0893311359,-7.321686844,0,,0.004159173061,2.384477798,,
Morocco 2012-2026,test half,21,S2,CC,0.3,39873,0.3672900857,-6.764744646,17994,0,,-0.03900885989,-2.378414972,0.01787545471,1.698902533,0.01953036502,1.902788971,,
Morocco 2012-2026,test half,21,S2,P,0.4,39873,0.4062989455,-6.725735786,17994,0.03900885989,2.378414972,0,,0.05688431461,3.664426712,0.05853922491,4.091587024,,
Morocco 2012-2026,test half,21,S2,GK,0.45,39873,0.4783080472,-6.653726685,17994,0.1110179615,3.316303935,0.07200910161,3.803097247,0.1288934162,3.896171505,0.1305483265,4.040262144,,
Morocco 2012-2026,test half,21,S2,RS,0.4,39873,0.7429353915,-6.38909934,17994,0.3756453059,2.535441257,0.336636446,2.432264767,0.3935207606,2.609540593,0.3951756709,2.625016109,,
Morocco 2012-2026,test half,21,S2,o2+P,0.35,39873,0.3564660983,-6.775568633,17994,-0.01082398735,-1.404133614,-0.04983284725,-3.036465848,0.007051467361,0.6619889686,0.008706377665,1.018324548,,
Morocco 2012-2026,test half,21,S2,o2+GK,0.35,39873,0.3577423079,-6.774292424,17994,-0.009547777788,-1.021264533,-0.04855663768,-2.930532726,0.008327676927,1.137923369,0.009982587231,1.360744989,,
Morocco 2012-2026,test half,21,S2,YZ (daily form),0.4,39873,0.3576995209,-6.774335211,17994,-0.0095905648,-1.003096509,-0.04859942469,-2.995262223,0.008284889915,1.093967054,0.009939800219,1.340602675,,
Morocco 2012-2026,test half,21,S2,"Anam, open-free special case (b=0)",0.4,39873,0.3477597206,-6.784275011,17994,-0.01953036502,-1.902788971,-0.05853922491,-4.091587024,-0.001654910304,-1.300847814,0,,,
Morocco 2012-2026,test half,21,S2,Anam,0.4,39873,0.3494146309,-6.782620101,17994,-0.01787545471,-1.698902533,-0.05688431461,-3.664426712,0,,0.001654910304,1.300847814,,
Morocco 2012-2026,test half,21,S3,CC,0.3,40671,0.365342693,-6.78742671,18721,0,,-0.1961310694,-3.488121325,0.01395958047,1.161951373,0.01676240103,1.584015334,0,0
Morocco 2012-2026,test half,21,S3,P,0.25,40671,0.5614737623,-6.59129564,18721,0.1961310694,3.488121325,0,,0.2100906498,3.717178755,0.2128934704,3.832226,0,0
Morocco 2012-2026,test half,21,S3,GK,0.2,40671,0.8082480368,-6.344521366,18721,0.4429053438,3.646943633,0.2467742744,3.707510663,0.4568649243,3.737459509,0.4596677448,3.785942063,0,0
Morocco 2012-2026,test half,21,S3,RS,0,40671,5.381254582,-1.771514821,18721,5.015911889,3.135761939,4.81978082,3.085362407,5.02987147,3.140397157,5.03267429,3.142720539,0,0
Morocco 2012-2026,test half,21,S3,o2+P,0.3,40671,0.3559337031,-6.7968357,18721,-0.009408989874,-1.145342678,-0.2055400592,-3.618723411,0.004550590601,0.1537737741,0.00735341116,0.8302619682,0,0
Morocco 2012-2026,test half,21,S3,o2+GK,0.35,40671,0.3572436556,-6.795525747,18721,-0.00809903735,-0.8704118604,-0.2042301067,-3.597843873,0.005860543125,0.4032215719,0.008663363684,1.008679026,0,0
Morocco 2012-2026,test half,21,S3,YZ (daily form),0.35,40671,0.3565399729,-6.79622943,18721,-0.008802720044,-0.838194642,-0.2049337894,-3.615005028,0.005156860431,0.4332240525,0.00795968099,1.062937529,0,0
Morocco 2012-2026,test half,21,S3,"Anam, open-free special case (b=0)",0.35,40671,0.348580292,-6.804189111,18721,-0.01676240103,-1.584015334,-0.2128934704,-3.832226,-0.002802820559,-1.729139622,0,,0,0
Morocco 2012-2026,test half,21,S3,Anam,0.35,40671,0.3513831125,-6.80138629,18721,-0.01395958047,-1.161951373,-0.2100906498,-3.717178755,0,,0.002802820559,1.729139622,0,0
Morocco 2012-2026,test half,21,S4,CC,0.3,40671,0.365342693,-6.78742671,18721,0,,-0.1961310694,-2.390101839,0.01395958047,2.077538466,0.01676240103,2.62964804,0,0
Morocco 2012-2026,test half,21,S4,P,0.25,40671,0.5614737623,-6.59129564,18721,0.1961310694,2.390101839,0,,0.2100906498,2.591760286,0.2128934704,2.631592659,0,0
Morocco 2012-2026,test half,21,S4,GK,0.2,40671,0.8082480368,-6.344521366,18721,0.4429053438,2.495372979,0.2467742744,2.562157321,0.4568649243,2.583720519,0.4596677448,2.601343303,0,0
Morocco 2012-2026,test half,21,S4,RS,0,40671,5.381254582,-1.771514821,18721,5.015911889,2.231676861,4.81978082,2.201574211,5.02987147,2.238016383,5.03267429,2.239189489,0,0
Morocco 2012-2026,test half,21,S4,o2+P,0.3,40671,0.3559337031,-6.7968357,18721,-0.009408989874,-1.331518555,-0.2055400592,-2.499547353,0.004550590601,0.9918027054,0.00735341116,1.124457752,0,0
Morocco 2012-2026,test half,21,S4,o2+GK,0.35,40671,0.3572436556,-6.795525747,18721,-0.00809903735,-1.162668974,-0.2042301067,-2.484255674,0.005860543125,1.232609865,0.008663363684,1.322253717,0,0
Morocco 2012-2026,test half,21,S4,YZ (daily form),0.35,40671,0.3565399729,-6.79622943,18721,-0.008802720044,-1.19468233,-0.2049337894,-2.50512924,0.005156860431,1.163787227,0.00795968099,1.246261873,0,0
Morocco 2012-2026,test half,21,S4,"Anam, open-free special case (b=0)",0.35,40671,0.348580292,-6.804189111,18721,-0.01676240103,-2.62964804,-0.2128934704,-2.631592659,-0.002802820559,-0.9552466039,0,,0,0
Morocco 2012-2026,test half,21,S4,Anam,0.35,40671,0.3513831125,-6.80138629,18721,-0.01395958047,-2.077538466,-0.2100906498,-2.591760286,0,,0.002802820559,0.9552466039,0,0
