symbol,date,field,old_value,new_value,reason,rule
ADBL,2026-04-29,high,311.0,311.8,"high < max(open, close)",PAP-v4 §3.1 envelope repair
ADBLD83,2025-04-07,high,1090.0,1111.7,"high < max(open, close)",PAP-v4 §3.1 envelope repair
ADBLD83,2025-04-13,high,1139.5,1139.9,"high < max(open, close)",PAP-v4 §3.1 envelope repair
ADBLD83,2025-04-14,high,1139.5,1139.9,"high < max(open, close)",PAP-v4 §3.1 envelope repair
ADBLD83,2025-04-16,high,1120.1,1130.0,"high < max(open, close)",PAP-v4 §3.1 envelope repair
ADBLD83,2025-04-20,high,1110.0,1132.0,"high < max(open, close)",PAP-v4 §3.1 envelope repair
ADBLD83,2025-04-22,high,1132.0,1132.9,"high < max(open, close)",PAP-v4 §3.1 envelope repair
ADBLD83,2025-04-28,low,1111.0,1100.0,"low > min(open, close)",PAP-v4 §3.1 envelope repair
ADBLD83,2025-06-04,low,1111.8,1090.0,"low > min(open, close)",PAP-v4 §3.1 envelope repair
ADBLD83,2025-06-08,low,1078.2,1078.15,"low > min(open, close)",PAP-v4 §3.1 envelope repair
ADBLD83,2025-06-09,high,1078.15,1090.82,"high < max(open, close)",PAP-v4 §3.1 envelope repair
ADBLD83,2025-06-11,high,1071.8,1072.4,"high < max(open, close)",PAP-v4 §3.1 envelope repair
ADBLD83,2025-06-22,low,1098.0,1080.1,"low > min(open, close)",PAP-v4 §3.1 envelope repair
ADBLD83,2025-06-24,low,1114.9,1114.32,"low > min(open, close)",PAP-v4 §3.1 envelope repair
ADBLD83,2025-06-30,high,1093.0,1106.94,"high < max(open, close)",PAP-v4 §3.1 envelope repair
ADBLD83,2025-07-13,high,1126.08,1135.9,"high < max(open, close)",PAP-v4 §3.1 envelope repair
ADBLD83,2025-08-04,high,1130.1,1135.0,"high < max(open, close)",PAP-v4 §3.1 envelope repair
ADBLD83,2025-08-21,high,1069.0,1090.3,"high < max(open, close)",PAP-v4 §3.1 envelope repair
ADBLD83,2025-08-22,high,1069.0,1090.3,"high < max(open, close)",PAP-v4 §3.1 envelope repair
ADBLD83,2025-08-23,high,1069.0,1090.3,"high < max(open, close)",PAP-v4 §3.1 envelope repair
ADBLD83,2025-11-06,high,1111.0,1132.9,"high < max(open, close)",PAP-v4 §3.1 envelope repair
ADBLD83,2025-11-07,high,1111.0,1132.9,"high < max(open, close)",PAP-v4 §3.1 envelope repair
ADBLD83,2025-11-08,high,1111.0,1132.9,"high < max(open, close)",PAP-v4 §3.1 envelope repair
ADBLD83,2025-11-09,low,1132.9,1110.3,"low > min(open, close)",PAP-v4 §3.1 envelope repair
ADBLD83,2025-11-17,high,1092.7,1114.5,"high < max(open, close)",PAP-v4 §3.1 envelope repair
ADBLD83,2025-11-18,high,1115.0,1130.0,"high < max(open, close)",PAP-v4 §3.1 envelope repair
ADBLD83,2026-01-05,low,1092.1,1092.0,"low > min(open, close)",PAP-v4 §3.1 envelope repair
ADBLD83,2026-06-02,high,1051.9,1083.4,"high < max(open, close)",PAP-v4 §3.1 envelope repair
ADBLD83,2026-08-05,low,1025.0,1024.0,"low > min(open, close)",PAP-v4 §3.1 envelope repair
ANLB,2026-04-28,high,6251.0,6282.0,"high < max(open, close)",PAP-v4 §3.1 envelope repair
API,2026-04-27,low,340.0,339.9,"low > min(open, close)",PAP-v4 §3.1 envelope repair
BARUN,2026-04-27,low,346.8,346.0,"low > min(open, close)",PAP-v4 §3.1 envelope repair
BGWT,2026-04-29,high,731.0,740.0,"high < max(open, close)",PAP-v4 §3.1 envelope repair
BNHC,2026-04-28,low,327.0,326.0,"low > min(open, close)",PAP-v4 §3.1 envelope repair
BNL,2026-04-24,high,15198.0,15350.0,"high < max(open, close)",PAP-v4 §3.1 envelope repair
BNL,2026-04-25,high,15198.0,15350.0,"high < max(open, close)",PAP-v4 §3.1 envelope repair
BNL,2026-04-26,high,15198.0,15350.0,"high < max(open, close)",PAP-v4 §3.1 envelope repair
BNT,2026-04-24,low,11716.0,11505.0,"low > min(open, close)",PAP-v4 §3.1 envelope repair
BNT,2026-04-25,low,11716.0,11505.0,"low > min(open, close)",PAP-v4 §3.1 envelope repair
BNT,2026-04-26,low,11716.0,11505.0,"low > min(open, close)",PAP-v4 §3.1 envelope repair
BNT,2026-04-28,high,11600.0,11800.0,"high < max(open, close)",PAP-v4 §3.1 envelope repair
BOKD86,2025-03-23,high,1015.0,1022.1,"high < max(open, close)",PAP-v4 §3.1 envelope repair
BOKD86,2025-06-03,low,1072.0,1051.1,"low > min(open, close)",PAP-v4 §3.1 envelope repair
BOKD86,2025-06-12,low,1076.0,1055.0,"low > min(open, close)",PAP-v4 §3.1 envelope repair
BOKD86,2025-06-13,low,1076.0,1055.0,"low > min(open, close)",PAP-v4 §3.1 envelope repair
BOKD86,2025-06-14,low,1076.0,1055.0,"low > min(open, close)",PAP-v4 §3.1 envelope repair
BOKD86,2026-07-08,high,1095.0,1119.0,"high < max(open, close)",PAP-v4 §3.1 envelope repair
BOKD86KA,2024-12-19,low,1125.6,1103.6,"low > min(open, close)",PAP-v4 §3.1 envelope repair
BOKD86KA,2024-12-20,low,1125.6,1103.6,"low > min(open, close)",PAP-v4 §3.1 envelope repair
BOKD86KA,2024-12-21,low,1125.6,1103.6,"low > min(open, close)",PAP-v4 §3.1 envelope repair
BOKD86KA,2026-03-02,high,1195.0,1204.0,"high < max(open, close)",PAP-v4 §3.1 envelope repair
BOKD86KA,2026-07-13,low,1146.5,1140.0,"low > min(open, close)",PAP-v4 §3.1 envelope repair
BUNGAL,2026-04-29,high,589.9,594.0,"high < max(open, close)",PAP-v4 §3.1 envelope repair
C30MF,2026-04-27,high,10.0,10.1,"high < max(open, close)",PAP-v4 §3.1 envelope repair
CBBL,2026-04-27,low,905.0,898.0,"low > min(open, close)",PAP-v4 §3.1 envelope repair
CBLD88,2025-03-23,high,1120.7,1120.8,"high < max(open, close)",PAP-v4 §3.1 envelope repair
CBLD88,2025-03-24,low,1120.8,1120.7,"low > min(open, close)",PAP-v4 §3.1 envelope repair
CBLD88,2025-04-01,high,1131.0,1140.0,"high < max(open, close)",PAP-v4 §3.1 envelope repair
CBLD88,2025-04-10,high,1132.0,1154.6,"high < max(open, close)",PAP-v4 §3.1 envelope repair
CBLD88,2025-04-11,high,1132.0,1154.6,"high < max(open, close)",PAP-v4 §3.1 envelope repair
CBLD88,2025-04-12,high,1132.0,1154.6,"high < max(open, close)",PAP-v4 §3.1 envelope repair
CBLD88,2025-05-04,low,1151.0,1135.0,"low > min(open, close)",PAP-v4 §3.1 envelope repair
CBLD88,2025-07-16,high,1198.0,1205.0,"high < max(open, close)",PAP-v4 §3.1 envelope repair
CBLD88,2025-08-03,low,1190.0,1166.2,"low > min(open, close)",PAP-v4 §3.1 envelope repair
CBLD88,2025-10-29,low,1235.0,1211.1,"low > min(open, close)",PAP-v4 §3.1 envelope repair
CBLD88,2025-11-04,low,1245.0,1200.0,"low > min(open, close)",PAP-v4 §3.1 envelope repair
CBLD88,2025-11-10,low,1224.0,1200.1,"low > min(open, close)",PAP-v4 §3.1 envelope repair
CBLD88,2026-02-10,low,1260.0,1234.8,"low > min(open, close)",PAP-v4 §3.1 envelope repair
CBLD88,2026-03-19,low,1185.0,1175.0,"low > min(open, close)",PAP-v4 §3.1 envelope repair
CBLD88,2026-03-20,low,1185.0,1175.0,"low > min(open, close)",PAP-v4 §3.1 envelope repair
CBLD88,2026-03-21,low,1185.0,1175.0,"low > min(open, close)",PAP-v4 §3.1 envelope repair
CBLD88,2026-04-23,low,1254.0,1231.1,"low > min(open, close)",PAP-v4 §3.1 envelope repair
CBLD88,2026-04-27,low,1210.0,1155.0,"low > min(open, close)",PAP-v4 §3.1 envelope repair
CBLD88,2026-04-28,low,1185.0,1155.0,"low > min(open, close)",PAP-v4 §3.1 envelope repair
CBLD88,2026-04-29,low,1182.1,1155.0,"low > min(open, close)",PAP-v4 §3.1 envelope repair
CBLD88,2026-06-19,low,1180.0,1175.3,"low > min(open, close)",PAP-v4 §3.1 envelope repair
CBLD88,2026-06-20,low,1180.0,1175.3,"low > min(open, close)",PAP-v4 §3.1 envelope repair
CBLD88,2026-06-21,low,1180.0,1175.3,"low > min(open, close)",PAP-v4 §3.1 envelope repair
CBLD88,2026-07-02,high,1270.0,1285.0,"high < max(open, close)",PAP-v4 §3.1 envelope repair
CBLD88,2026-07-06,high,1285.0,1305.0,"high < max(open, close)",PAP-v4 §3.1 envelope repair
CBLD88,2026-07-16,high,1305.0,1314.0,"high < max(open, close)",PAP-v4 §3.1 envelope repair
CBLD88,2026-07-29,low,1235.0,1221.0,"low > min(open, close)",PAP-v4 §3.1 envelope repair
CBLD88,2026-08-03,high,1187.0,1196.6,"high < max(open, close)",PAP-v4 §3.1 envelope repair
CBLD88,2026-08-04,low,1196.6,1172.1,"low > min(open, close)",PAP-v4 §3.1 envelope repair
CBLD88,2026-08-06,low,1170.0,1150.0,"low > min(open, close)",PAP-v4 §3.1 envelope repair
CBLD88,2026-08-07,high,1162.0,1230.0,"high < max(open, close)",PAP-v4 §3.1 envelope repair
CBLD88,2026-08-10,high,1230.0,1250.0,"high < max(open, close)",PAP-v4 §3.1 envelope repair
CCBD88,2025-03-23,high,1121.1,1122.4,"high < max(open, close)",PAP-v4 §3.1 envelope repair
CCBD88,2025-03-25,low,1121.4,1120.0,"low > min(open, close)",PAP-v4 §3.1 envelope repair
CCBD88,2025-04-01,high,1115.0,1137.3,"high < max(open, close)",PAP-v4 §3.1 envelope repair
CCBD88,2025-07-03,high,1195.0,1218.9,"high < max(open, close)",PAP-v4 §3.1 envelope repair
CCBD88,2025-07-04,high,1195.0,1218.9,"high < max(open, close)",PAP-v4 §3.1 envelope repair
CCBD88,2025-07-05,high,1195.0,1218.9,"high < max(open, close)",PAP-v4 §3.1 envelope repair
CCBD88,2025-11-10,low,1240.0,1216.1,"low > min(open, close)",PAP-v4 §3.1 envelope repair
CCBD88,2025-11-18,low,1224.0,1200.0,"low > min(open, close)",PAP-v4 §3.1 envelope repair
CCBD88,2025-11-30,low,1250.5,1250.0,"low > min(open, close)",PAP-v4 §3.1 envelope repair
CCBD88,2025-12-11,low,1250.0,1226.1,"low > min(open, close)",PAP-v4 §3.1 envelope repair
CCBD88,2025-12-12,low,1250.0,1226.1,"low > min(open, close)",PAP-v4 §3.1 envelope repair
CCBD88,2025-12-13,low,1250.0,1226.1,"low > min(open, close)",PAP-v4 §3.1 envelope repair
CCBD88,2026-03-17,high,1216.0,1265.1,"high < max(open, close)",PAP-v4 §3.1 envelope repair
CCBD88,2026-03-18,high,1216.0,1265.1,"high < max(open, close)",PAP-v4 §3.1 envelope repair
CCBD88,2026-04-07,low,1265.0,1241.0,"low > min(open, close)",PAP-v4 §3.1 envelope repair
CCBD88,2026-04-24,high,1220.0,1278.0,"high < max(open, close)",PAP-v4 §3.1 envelope repair
CCBD88,2026-04-25,high,1220.0,1278.0,"high < max(open, close)",PAP-v4 §3.1 envelope repair
CCBD88,2026-04-26,high,1220.0,1278.0,"high < max(open, close)",PAP-v4 §3.1 envelope repair
CCBD88,2026-04-27,high,1241.0,1278.0,"high < max(open, close)",PAP-v4 §3.1 envelope repair
CCBD88,2026-04-28,high,1210.0,1241.0,"high < max(open, close)",PAP-v4 §3.1 envelope repair
CCBD88,2026-06-23,low,1260.0,1235.0,"low > min(open, close)",PAP-v4 §3.1 envelope repair
CCBD88,2026-08-13,low,1205.0,1175.0,"low > min(open, close)",PAP-v4 §3.1 envelope repair
CFCL,2026-04-29,high,505.0,509.0,"high < max(open, close)",PAP-v4 §3.1 envelope repair
CGH,2026-04-27,low,815.0,813.0,"low > min(open, close)",PAP-v4 §3.1 envelope repair
CITY,2026-04-29,high,470.0,474.8,"high < max(open, close)",PAP-v4 §3.1 envelope repair
CIZBD86,2025-03-23,high,1096.4,1104.4,"high < max(open, close)",PAP-v4 §3.1 envelope repair
CIZBD86,2025-03-24,low,1104.4,1101.4,"low > min(open, close)",PAP-v4 §3.1 envelope repair
CIZBD86,2025-03-25,high,1101.4,1104.2,"high < max(open, close)",PAP-v4 §3.1 envelope repair
CIZBD86,2025-03-26,high,1104.2,1107.8,"high < max(open, close)",PAP-v4 §3.1 envelope repair
CIZBD86,2025-04-01,high,1107.8,1126.4,"high < max(open, close)",PAP-v4 §3.1 envelope repair
CIZBD86,2025-04-08,low,1126.4,1122.0,"low > min(open, close)",PAP-v4 §3.1 envelope repair
CIZBD86,2025-04-09,low,1122.0,1116.0,"low > min(open, close)",PAP-v4 §3.1 envelope repair
CIZBD86,2025-04-16,high,1116.0,1116.1,"high < max(open, close)",PAP-v4 §3.1 envelope repair
CIZBD86,2025-04-21,high,1116.1,1117.3,"high < max(open, close)",PAP-v4 §3.1 envelope repair
CIZBD86,2025-04-22,high,1117.3,1120.1,"high < max(open, close)",PAP-v4 §3.1 envelope repair
CIZBD86,2025-04-23,high,1120.1,1122.0,"high < max(open, close)",PAP-v4 §3.1 envelope repair
CIZBD86,2025-08-05,high,1110.0,1132.2,"high < max(open, close)",PAP-v4 §3.1 envelope repair
CIZBD86,2025-08-27,low,1190.0,1122.0,"low > min(open, close)",PAP-v4 §3.1 envelope repair
CIZBD86,2025-09-02,low,1120.0,1117.2,"low > min(open, close)",PAP-v4 §3.1 envelope repair
CIZBD86,2025-10-13,high,1177.0,1200.5,"high < max(open, close)",PAP-v4 §3.1 envelope repair
CIZBD86,2025-10-29,low,1179.0,1157.0,"low > min(open, close)",PAP-v4 §3.1 envelope repair
CIZBD86,2025-11-02,low,1157.0,1134.0,"low > min(open, close)",PAP-v4 §3.1 envelope repair
CIZBD86,2025-12-22,high,1247.9,1320.9,"high < max(open, close)",PAP-v4 §3.1 envelope repair
CIZBD86,2026-01-21,low,1178.0,1160.0,"low > min(open, close)",PAP-v4 §3.1 envelope repair
CIZBD86,2026-05-20,high,1198.0,1222.0,"high < max(open, close)",PAP-v4 §3.1 envelope repair
CIZBD86,2026-07-14,high,1172.0,1210.0,"high < max(open, close)",PAP-v4 §3.1 envelope repair
CIZBD90,2025-03-23,high,1115.1,1115.7,"high < max(open, close)",PAP-v4 §3.1 envelope repair
CIZBD90,2025-03-24,low,1115.7,1115.1,"low > min(open, close)",PAP-v4 §3.1 envelope repair
CIZBD90,2025-03-25,high,1115.1,1120.0,"high < max(open, close)",PAP-v4 §3.1 envelope repair
CIZBD90,2025-04-09,low,1131.06,1130.1,"low > min(open, close)",PAP-v4 §3.1 envelope repair
CIZBD90,2025-08-05,high,1170.0,1170.25,"high < max(open, close)",PAP-v4 §3.1 envelope repair
CIZBD90,2025-11-04,high,1224.0,1240.0,"high < max(open, close)",PAP-v4 §3.1 envelope repair
CIZBD90,2025-11-18,low,1275.0,1251.0,"low > min(open, close)",PAP-v4 §3.1 envelope repair
CIZBD90,2026-02-12,high,1239.8,1264.0,"high < max(open, close)",PAP-v4 §3.1 envelope repair
CIZBD90,2026-02-13,high,1239.8,1264.0,"high < max(open, close)",PAP-v4 §3.1 envelope repair
CIZBD90,2026-02-14,high,1239.8,1264.0,"high < max(open, close)",PAP-v4 §3.1 envelope repair
CIZBD90,2026-02-15,high,1239.8,1264.0,"high < max(open, close)",PAP-v4 §3.1 envelope repair
CIZBD90,2026-04-30,high,1240.7,1277.9,"high < max(open, close)",PAP-v4 §3.1 envelope repair
CIZBD90,2026-05-01,high,1240.7,1277.9,"high < max(open, close)",PAP-v4 §3.1 envelope repair
CIZBD90,2026-05-02,high,1240.7,1277.9,"high < max(open, close)",PAP-v4 §3.1 envelope repair
CIZBD90,2026-05-03,high,1240.7,1277.9,"high < max(open, close)",PAP-v4 §3.1 envelope repair
CIZBD90,2026-06-12,high,1261.0,1315.0,"high < max(open, close)",PAP-v4 §3.1 envelope repair
CIZBD90,2026-06-13,high,1261.0,1315.0,"high < max(open, close)",PAP-v4 §3.1 envelope repair
CIZBD90,2026-06-14,high,1261.0,1315.0,"high < max(open, close)",PAP-v4 §3.1 envelope repair
CIZBD90,2026-07-08,high,1150.0,1204.1,"high < max(open, close)",PAP-v4 §3.1 envelope repair
CMF2,2026-04-24,high,9.9,10.0,"high < max(open, close)",PAP-v4 §3.1 envelope repair
CMF2,2026-04-25,high,9.9,10.0,"high < max(open, close)",PAP-v4 §3.1 envelope repair
CMF2,2026-04-26,high,9.9,10.0,"high < max(open, close)",PAP-v4 §3.1 envelope repair
CMF2,2026-04-28,low,10.1,9.86,"low > min(open, close)",PAP-v4 §3.1 envelope repair
CMF2,2026-04-29,high,9.99,10.1,"high < max(open, close)",PAP-v4 §3.1 envelope repair
CYCL,2026-04-27,low,1495.0,1492.0,"low > min(open, close)",PAP-v4 §3.1 envelope repair
CZBIL,2026-04-29,high,206.0,206.9,"high < max(open, close)",PAP-v4 §3.1 envelope repair
CZBILP,2026-08-26,high,100.0,109.0,"high < max(open, close)",PAP-v4 §3.1 envelope repair
DDBL,2026-04-29,high,829.0,830.0,"high < max(open, close)",PAP-v4 §3.1 envelope repair
DHPL,2026-04-24,high,305.5,307.0,"high < max(open, close)",PAP-v4 §3.1 envelope repair
DHPL,2026-04-25,high,305.5,307.0,"high < max(open, close)",PAP-v4 §3.1 envelope repair
DHPL,2026-04-26,high,305.5,307.0,"high < max(open, close)",PAP-v4 §3.1 envelope repair
DLBS,2026-04-24,high,1300.0,1309.0,"high < max(open, close)",PAP-v4 §3.1 envelope repair
DLBS,2026-04-25,high,1300.0,1309.0,"high < max(open, close)",PAP-v4 §3.1 envelope repair
DLBS,2026-04-26,high,1300.0,1309.0,"high < max(open, close)",PAP-v4 §3.1 envelope repair
EBL,2026-04-27,low,694.0,693.6,"low > min(open, close)",PAP-v4 §3.1 envelope repair
EBLD85,2025-03-25,high,1135.0,1157.7,"high < max(open, close)",PAP-v4 §3.1 envelope repair
EBLD85,2025-03-27,high,1145.0,1167.9,"high < max(open, close)",PAP-v4 §3.1 envelope repair
EBLD85,2025-03-28,high,1145.0,1167.9,"high < max(open, close)",PAP-v4 §3.1 envelope repair
EBLD85,2025-03-29,high,1145.0,1167.9,"high < max(open, close)",PAP-v4 §3.1 envelope repair
EBLD85,2025-10-19,high,1165.0,1188.2,"high < max(open, close)",PAP-v4 §3.1 envelope repair
EBLD85,2025-10-20,high,1165.0,1188.2,"high < max(open, close)",PAP-v4 §3.1 envelope repair
EBLD85,2025-10-21,high,1165.0,1188.2,"high < max(open, close)",PAP-v4 §3.1 envelope repair
EBLD85,2025-10-22,high,1165.0,1188.2,"high < max(open, close)",PAP-v4 §3.1 envelope repair
EBLD85,2025-10-23,high,1165.0,1188.2,"high < max(open, close)",PAP-v4 §3.1 envelope repair
EBLD85,2025-10-24,high,1165.0,1188.2,"high < max(open, close)",PAP-v4 §3.1 envelope repair
EBLD85,2025-10-25,high,1165.0,1188.2,"high < max(open, close)",PAP-v4 §3.1 envelope repair
EBLD85,2025-12-11,low,1209.5,1200.0,"low > min(open, close)",PAP-v4 §3.1 envelope repair
EBLD85,2025-12-12,low,1209.5,1200.0,"low > min(open, close)",PAP-v4 §3.1 envelope repair
EBLD85,2025-12-13,low,1209.5,1200.0,"low > min(open, close)",PAP-v4 §3.1 envelope repair
EBLD85,2026-02-01,high,1150.0,1173.0,"high < max(open, close)",PAP-v4 §3.1 envelope repair
EBLD85,2026-02-16,low,1150.0,1147.0,"low > min(open, close)",PAP-v4 §3.1 envelope repair
EBLD85,2026-03-15,low,1136.0,1135.0,"low > min(open, close)",PAP-v4 §3.1 envelope repair
EBLD85,2026-03-31,low,1170.0,1156.0,"low > min(open, close)",PAP-v4 §3.1 envelope repair
EBLD85,2026-04-27,low,1143.0,1140.0,"low > min(open, close)",PAP-v4 §3.1 envelope repair
EBLD85,2026-08-05,low,1149.0,1127.0,"low > min(open, close)",PAP-v4 §3.1 envelope repair
EBLD85,2026-08-07,low,1113.4,1060.0,"low > min(open, close)",PAP-v4 §3.1 envelope repair
EBLD85,2026-08-19,high,1100.1,1108.0,"high < max(open, close)",PAP-v4 §3.1 envelope repair
EBLD85,2026-08-24,low,1116.5,1065.0,"low > min(open, close)",PAP-v4 §3.1 envelope repair
EBLD86,2025-04-09,low,1060.2,1056.0,"low > min(open, close)",PAP-v4 §3.1 envelope repair
EBLD86,2025-04-27,high,1056.1,1060.1,"high < max(open, close)",PAP-v4 §3.1 envelope repair
EBLD86,2025-04-30,low,1071.0,1062.0,"low > min(open, close)",PAP-v4 §3.1 envelope repair
EBLD86,2025-05-01,low,1071.0,1062.0,"low > min(open, close)",PAP-v4 §3.1 envelope repair
EBLD86,2025-05-02,low,1071.0,1062.0,"low > min(open, close)",PAP-v4 §3.1 envelope repair
EBLD86,2025-05-03,low,1071.0,1062.0,"low > min(open, close)",PAP-v4 §3.1 envelope repair
EBLD86,2025-05-05,high,1068.0,1070.0,"high < max(open, close)",PAP-v4 §3.1 envelope repair
EBLD86,2025-05-15,high,1061.0,1065.0,"high < max(open, close)",PAP-v4 §3.1 envelope repair
EBLD86,2025-05-16,high,1061.0,1065.0,"high < max(open, close)",PAP-v4 §3.1 envelope repair
EBLD86,2025-05-17,high,1061.0,1065.0,"high < max(open, close)",PAP-v4 §3.1 envelope repair
EBLD86,2025-07-03,low,1050.0,1040.5,"low > min(open, close)",PAP-v4 §3.1 envelope repair
EBLD86,2025-07-04,low,1050.0,1040.5,"low > min(open, close)",PAP-v4 §3.1 envelope repair
EBLD86,2025-07-05,low,1050.0,1040.5,"low > min(open, close)",PAP-v4 §3.1 envelope repair
EBLD86,2025-12-21,high,1103.1,1104.0,"high < max(open, close)",PAP-v4 §3.1 envelope repair
EBLD86,2026-03-23,low,1080.0,1079.0,"low > min(open, close)",PAP-v4 §3.1 envelope repair
EBLD86,2026-04-20,low,1080.0,1072.1,"low > min(open, close)",PAP-v4 §3.1 envelope repair
EBLD86,2026-04-24,high,1077.5,1083.0,"high < max(open, close)",PAP-v4 §3.1 envelope repair
EBLD86,2026-04-25,high,1077.5,1083.0,"high < max(open, close)",PAP-v4 §3.1 envelope repair
EBLD86,2026-04-26,high,1077.5,1083.0,"high < max(open, close)",PAP-v4 §3.1 envelope repair
EBLD86,2026-04-28,low,1077.5,1076.0,"low > min(open, close)",PAP-v4 §3.1 envelope repair
EBLD86,2026-04-29,high,1070.0,1076.0,"high < max(open, close)",PAP-v4 §3.1 envelope repair
EBLD86,2026-05-13,low,1076.0,1075.0,"low > min(open, close)",PAP-v4 §3.1 envelope repair
EBLD86,2026-06-22,low,1073.0,1068.2,"low > min(open, close)",PAP-v4 §3.1 envelope repair
EBLD91,2025-09-03,high,1010.5,1030.7,"high < max(open, close)",PAP-v4 §3.1 envelope repair
EBLD91,2025-09-04,low,1010.2,1010.18,"low > min(open, close)",PAP-v4 §3.1 envelope repair
EBLD91,2025-09-05,low,1010.2,1010.18,"low > min(open, close)",PAP-v4 §3.1 envelope repair
EBLD91,2025-09-06,low,1010.2,1010.18,"low > min(open, close)",PAP-v4 §3.1 envelope repair
EBLD91,2025-11-12,high,1069.0,1083.2,"high < max(open, close)",PAP-v4 §3.1 envelope repair
EBLD91,2025-12-11,high,1110.0,1132.0,"high < max(open, close)",PAP-v4 §3.1 envelope repair
EBLD91,2025-12-12,high,1110.0,1132.0,"high < max(open, close)",PAP-v4 §3.1 envelope repair
EBLD91,2025-12-13,high,1110.0,1132.0,"high < max(open, close)",PAP-v4 §3.1 envelope repair
EBLD91,2026-04-28,high,1070.0,1075.0,"high < max(open, close)",PAP-v4 §3.1 envelope repair
EBLD91,2026-07-10,high,1090.0,1110.0,"high < max(open, close)",PAP-v4 §3.1 envelope repair
EBLD91,2026-08-24,high,1100.0,1102.0,"high < max(open, close)",PAP-v4 §3.1 envelope repair
EBLEB89,2025-09-07,high,1006.1,1010.3,"high < max(open, close)",PAP-v4 §3.1 envelope repair
EBLEB89,2025-11-20,low,1110.0,1088.0,"low > min(open, close)",PAP-v4 §3.1 envelope repair
EBLEB89,2025-11-21,low,1110.0,1088.0,"low > min(open, close)",PAP-v4 §3.1 envelope repair
EBLEB89,2025-11-22,low,1110.0,1088.0,"low > min(open, close)",PAP-v4 §3.1 envelope repair
EBLEB89,2025-12-11,low,1085.1,1065.0,"low > min(open, close)",PAP-v4 §3.1 envelope repair
EBLEB89,2025-12-12,low,1085.1,1065.0,"low > min(open, close)",PAP-v4 §3.1 envelope repair
EBLEB89,2025-12-13,low,1085.1,1065.0,"low > min(open, close)",PAP-v4 §3.1 envelope repair
EBLEB89,2025-12-17,high,1065.0,1086.2,"high < max(open, close)",PAP-v4 §3.1 envelope repair
EBLEB89,2025-12-23,high,1087.0,1097.5,"high < max(open, close)",PAP-v4 §3.1 envelope repair
ENL,2026-04-29,high,890.0,895.0,"high < max(open, close)",PAP-v4 §3.1 envelope repair
FMDBL,2026-04-27,low,802.4,800.3,"low > min(open, close)",PAP-v4 §3.1 envelope repair
GBBD85,2024-11-20,high,1036.1,1037.0,"high < max(open, close)",PAP-v4 §3.1 envelope repair
GBBD85,2025-03-25,high,1030.0,1030.3,"high < max(open, close)",PAP-v4 §3.1 envelope repair
GBBD85,2025-03-26,high,1030.0,1036.0,"high < max(open, close)",PAP-v4 §3.1 envelope repair
GBBD85,2025-04-01,high,1037.1,1038.2,"high < max(open, close)",PAP-v4 §3.1 envelope repair
GBBD85,2025-04-08,high,1038.0,1038.1,"high < max(open, close)",PAP-v4 §3.1 envelope repair
GBBD85,2025-04-10,high,1045.0,1045.9,"high < max(open, close)",PAP-v4 §3.1 envelope repair
GBBD85,2025-04-11,high,1045.0,1045.9,"high < max(open, close)",PAP-v4 §3.1 envelope repair
GBBD85,2025-04-12,high,1045.0,1045.9,"high < max(open, close)",PAP-v4 §3.1 envelope repair
GBBD85,2025-04-16,high,1065.0,1065.9,"high < max(open, close)",PAP-v4 §3.1 envelope repair
GBBD85,2025-04-30,high,1073.2,1073.4,"high < max(open, close)",PAP-v4 §3.1 envelope repair
GBBD85,2025-05-01,high,1073.2,1073.4,"high < max(open, close)",PAP-v4 §3.1 envelope repair
GBBD85,2025-05-02,high,1073.2,1073.4,"high < max(open, close)",PAP-v4 §3.1 envelope repair
GBBD85,2025-05-03,high,1073.2,1073.4,"high < max(open, close)",PAP-v4 §3.1 envelope repair
GBBD85,2025-05-14,high,1110.0,1131.4,"high < max(open, close)",PAP-v4 §3.1 envelope repair
GBBD85,2025-07-23,high,1040.0,1060.0,"high < max(open, close)",PAP-v4 §3.1 envelope repair
GBBD85,2025-11-17,low,1089.1,1089.0,"low > min(open, close)",PAP-v4 §3.1 envelope repair
GBBD85,2026-02-04,low,1073.0,1071.6,"low > min(open, close)",PAP-v4 §3.1 envelope repair
GBBD85,2026-04-07,high,1066.1,1084.0,"high < max(open, close)",PAP-v4 §3.1 envelope repair
GBBD85,2026-04-27,high,1071.9,1074.9,"high < max(open, close)",PAP-v4 §3.1 envelope repair
GBBD85,2026-04-29,low,1090.0,1088.5,"low > min(open, close)",PAP-v4 §3.1 envelope repair
GBBD85,2026-05-26,high,1081.3,1100.0,"high < max(open, close)",PAP-v4 §3.1 envelope repair
GBBL,2026-04-24,high,409.8,411.0,"high < max(open, close)",PAP-v4 §3.1 envelope repair
GBBL,2026-04-25,high,409.8,411.0,"high < max(open, close)",PAP-v4 §3.1 envelope repair
GBBL,2026-04-26,high,409.8,411.0,"high < max(open, close)",PAP-v4 §3.1 envelope repair
GBBL,2026-04-28,low,407.7,406.0,"low > min(open, close)",PAP-v4 §3.1 envelope repair
GBBL,2026-04-29,low,409.0,407.7,"low > min(open, close)",PAP-v4 §3.1 envelope repair
GBILD84/85,2025-02-16,low,1173.0,1170.6,"low > min(open, close)",PAP-v4 §3.1 envelope repair
GBILD84/85,2025-03-30,high,1186.0,1205.0,"high < max(open, close)",PAP-v4 §3.1 envelope repair
GBILD84/85,2025-03-31,high,1186.0,1205.0,"high < max(open, close)",PAP-v4 §3.1 envelope repair
GBILD84/85,2025-04-07,high,1175.1,1198.0,"high < max(open, close)",PAP-v4 §3.1 envelope repair
GBILD84/85,2025-04-10,low,1210.0,1185.8,"low > min(open, close)",PAP-v4 §3.1 envelope repair
GBILD84/85,2025-04-11,low,1210.0,1185.8,"low > min(open, close)",PAP-v4 §3.1 envelope repair
GBILD84/85,2025-04-12,low,1210.0,1185.8,"low > min(open, close)",PAP-v4 §3.1 envelope repair
GBILD84/85,2025-04-20,high,1183.0,1188.9,"high < max(open, close)",PAP-v4 §3.1 envelope repair
GBILD84/85,2025-04-24,high,1190.0,1210.0,"high < max(open, close)",PAP-v4 §3.1 envelope repair
GBILD84/85,2025-04-25,high,1190.0,1210.0,"high < max(open, close)",PAP-v4 §3.1 envelope repair
GBILD84/85,2025-04-26,high,1190.0,1210.0,"high < max(open, close)",PAP-v4 §3.1 envelope repair
GBILD84/85,2025-04-27,low,1210.0,1195.0,"low > min(open, close)",PAP-v4 §3.1 envelope repair
GBILD84/85,2025-05-27,low,1170.0,1152.1,"low > min(open, close)",PAP-v4 §3.1 envelope repair
GBILD84/85,2025-05-28,high,1152.1,1157.9,"high < max(open, close)",PAP-v4 §3.1 envelope repair
GBILD84/85,2025-05-29,high,1152.1,1157.9,"high < max(open, close)",PAP-v4 §3.1 envelope repair
GBILD84/85,2025-05-30,high,1152.1,1157.9,"high < max(open, close)",PAP-v4 §3.1 envelope repair
GBILD84/85,2025-05-31,high,1152.1,1157.9,"high < max(open, close)",PAP-v4 §3.1 envelope repair
GBILD84/85,2025-06-01,high,1152.1,1157.9,"high < max(open, close)",PAP-v4 §3.1 envelope repair
GBILD84/85,2025-06-03,high,1138.0,1149.3,"high < max(open, close)",PAP-v4 §3.1 envelope repair
GBILD84/85,2025-06-04,high,1149.3,1160.0,"high < max(open, close)",PAP-v4 §3.1 envelope repair
GBILD84/85,2025-06-16,high,1130.1,1152.7,"high < max(open, close)",PAP-v4 §3.1 envelope repair
GBILD84/85,2025-06-23,low,1171.0,1155.0,"low > min(open, close)",PAP-v4 §3.1 envelope repair
GBILD84/85,2025-10-29,low,1150.1,1150.0,"low > min(open, close)",PAP-v4 §3.1 envelope repair
GBILD84/85,2025-11-04,high,1131.9,1154.5,"high < max(open, close)",PAP-v4 §3.1 envelope repair
GBILD84/85,2025-11-05,high,1132.0,1154.6,"high < max(open, close)",PAP-v4 §3.1 envelope repair
GBILD84/85,2025-11-20,low,1136.0,1135.0,"low > min(open, close)",PAP-v4 §3.1 envelope repair
GBILD84/85,2025-11-21,low,1136.0,1135.0,"low > min(open, close)",PAP-v4 §3.1 envelope repair
GBILD84/85,2025-11-22,low,1136.0,1135.0,"low > min(open, close)",PAP-v4 §3.1 envelope repair
GBILD84/85,2026-03-15,high,1213.7,1213.8,"high < max(open, close)",PAP-v4 §3.1 envelope repair
GBILD84/85,2026-03-30,low,1210.0,1184.0,"low > min(open, close)",PAP-v4 §3.1 envelope repair
GBILD84/85,2026-04-02,low,1147.1,1147.0,"low > min(open, close)",PAP-v4 §3.1 envelope repair
GBILD84/85,2026-04-03,low,1147.1,1147.0,"low > min(open, close)",PAP-v4 §3.1 envelope repair
GBILD84/85,2026-04-04,low,1147.1,1147.0,"low > min(open, close)",PAP-v4 §3.1 envelope repair
GBILD84/85,2026-04-28,low,1140.0,1136.7,"low > min(open, close)",PAP-v4 §3.1 envelope repair
GBILD84/85,2026-04-29,low,1140.0,1131.0,"low > min(open, close)",PAP-v4 §3.1 envelope repair
GBILD84/85,2026-04-30,low,1131.0,1121.0,"low > min(open, close)",PAP-v4 §3.1 envelope repair
GBILD84/85,2026-05-01,low,1131.0,1121.0,"low > min(open, close)",PAP-v4 §3.1 envelope repair
GBILD84/85,2026-05-02,low,1131.0,1121.0,"low > min(open, close)",PAP-v4 §3.1 envelope repair
GBILD84/85,2026-05-03,low,1131.0,1121.0,"low > min(open, close)",PAP-v4 §3.1 envelope repair
GBILD86/87,2025-03-23,high,1016.7,1018.3,"high < max(open, close)",PAP-v4 §3.1 envelope repair
GBILD86/87,2025-03-24,high,1018.3,1020.8,"high < max(open, close)",PAP-v4 §3.1 envelope repair
GBILD86/87,2025-03-25,high,1020.8,1021.0,"high < max(open, close)",PAP-v4 §3.1 envelope repair
GBILD86/87,2025-03-26,high,1021.0,1025.1,"high < max(open, close)",PAP-v4 §3.1 envelope repair
GBILD86/87,2025-04-01,high,1025.0,1033.0,"high < max(open, close)",PAP-v4 §3.1 envelope repair
GBILD86/87,2025-04-23,high,1054.0,1056.0,"high < max(open, close)",PAP-v4 §3.1 envelope repair
GBILD86/87,2025-05-15,high,1051.1,1054.3,"high < max(open, close)",PAP-v4 §3.1 envelope repair
GBILD86/87,2025-05-16,high,1051.1,1054.3,"high < max(open, close)",PAP-v4 §3.1 envelope repair
GBILD86/87,2025-05-17,high,1051.1,1054.3,"high < max(open, close)",PAP-v4 §3.1 envelope repair
GBILD86/87,2025-08-31,low,1095.0,1052.0,"low > min(open, close)",PAP-v4 §3.1 envelope repair
GBILD86/87,2025-12-11,low,1112.1,1095.0,"low > min(open, close)",PAP-v4 §3.1 envelope repair
GBILD86/87,2025-12-12,low,1112.1,1095.0,"low > min(open, close)",PAP-v4 §3.1 envelope repair
GBILD86/87,2025-12-13,low,1112.1,1095.0,"low > min(open, close)",PAP-v4 §3.1 envelope repair
GBILD86/87,2026-03-24,high,1090.2,1090.3,"high < max(open, close)",PAP-v4 §3.1 envelope repair
GBILD86/87,2026-04-20,low,1096.1,1070.0,"low > min(open, close)",PAP-v4 §3.1 envelope repair
GBILD86/87,2026-04-24,low,1090.0,1072.1,"low > min(open, close)",PAP-v4 §3.1 envelope repair
GBILD86/87,2026-04-25,low,1090.0,1072.1,"low > min(open, close)",PAP-v4 §3.1 envelope repair
GBILD86/87,2026-04-26,low,1090.0,1072.1,"low > min(open, close)",PAP-v4 §3.1 envelope repair
GBILD86/87,2026-04-29,high,1080.0,1100.0,"high < max(open, close)",PAP-v4 §3.1 envelope repair
GBILD86/87,2026-07-08,high,1105.0,1109.9,"high < max(open, close)",PAP-v4 §3.1 envelope repair
GBILD86/87,2026-08-13,low,1128.0,1065.1,"low > min(open, close)",PAP-v4 §3.1 envelope repair
GBIMESY2,2026-04-28,high,9.52,9.53,"high < max(open, close)",PAP-v4 §3.1 envelope repair
GFCL,2026-04-28,high,625.0,627.0,"high < max(open, close)",PAP-v4 §3.1 envelope repair
GIBF1,2026-04-29,high,10.85,11.16,"high < max(open, close)",PAP-v4 §3.1 envelope repair
GMFBS,2026-04-27,high,1367.8,1380.0,"high < max(open, close)",PAP-v4 §3.1 envelope repair
GMFBS,2026-04-28,high,1358.0,1367.8,"high < max(open, close)",PAP-v4 §3.1 envelope repair
GMLI,2026-04-28,high,1360.0,1370.0,"high < max(open, close)",PAP-v4 §3.1 envelope repair
GMLI,2026-04-29,high,1320.0,1350.0,"high < max(open, close)",PAP-v4 §3.1 envelope repair
GWFD83,2025-03-23,low,1205.4,1181.5,"low > min(open, close)",PAP-v4 §3.1 envelope repair
GWFD83,2025-03-25,high,1181.5,1181.9,"high < max(open, close)",PAP-v4 §3.1 envelope repair
GWFD83,2025-03-26,high,1181.9,1184.1,"high < max(open, close)",PAP-v4 §3.1 envelope repair
GWFD83,2025-03-30,high,1168.1,1191.4,"high < max(open, close)",PAP-v4 §3.1 envelope repair
GWFD83,2025-03-31,high,1168.1,1191.4,"high < max(open, close)",PAP-v4 §3.1 envelope repair
GWFD83,2025-04-03,high,1180.0,1194.9,"high < max(open, close)",PAP-v4 §3.1 envelope repair
GWFD83,2025-04-04,high,1180.0,1194.9,"high < max(open, close)",PAP-v4 §3.1 envelope repair
GWFD83,2025-04-05,high,1180.0,1194.9,"high < max(open, close)",PAP-v4 §3.1 envelope repair
GWFD83,2025-04-06,high,1180.0,1194.9,"high < max(open, close)",PAP-v4 §3.1 envelope repair
GWFD83,2025-04-08,high,1190.0,1190.9,"high < max(open, close)",PAP-v4 §3.1 envelope repair
GWFD83,2025-04-09,high,1195.0,1200.0,"high < max(open, close)",PAP-v4 §3.1 envelope repair
GWFD83,2025-04-13,high,1239.0,1336.5,"high < max(open, close)",PAP-v4 §3.1 envelope repair
GWFD83,2025-04-14,high,1239.0,1336.5,"high < max(open, close)",PAP-v4 §3.1 envelope repair
GWFD83,2025-04-16,high,1336.5,1363.2,"high < max(open, close)",PAP-v4 §3.1 envelope repair
GWFD83,2025-04-21,low,1363.2,1257.6,"low > min(open, close)",PAP-v4 §3.1 envelope repair
GWFD83,2025-04-27,high,1183.9,1207.5,"high < max(open, close)",PAP-v4 §3.1 envelope repair
GWFD83,2025-05-06,high,1190.0,1212.9,"high < max(open, close)",PAP-v4 §3.1 envelope repair
GWFD83,2025-05-14,low,1188.8,1165.1,"low > min(open, close)",PAP-v4 §3.1 envelope repair
GWFD83,2025-05-15,high,1165.1,1167.9,"high < max(open, close)",PAP-v4 §3.1 envelope repair
GWFD83,2025-05-16,high,1165.1,1167.9,"high < max(open, close)",PAP-v4 §3.1 envelope repair
GWFD83,2025-05-17,high,1165.1,1167.9,"high < max(open, close)",PAP-v4 §3.1 envelope repair
GWFD83,2025-05-18,low,1167.9,1121.8,"low > min(open, close)",PAP-v4 §3.1 envelope repair
GWFD83,2025-05-19,low,1121.8,1090.0,"low > min(open, close)",PAP-v4 §3.1 envelope repair
GWFD83,2025-05-21,high,1156.5,1179.0,"high < max(open, close)",PAP-v4 §3.1 envelope repair
GWFD83,2025-05-22,high,1179.0,1226.0,"high < max(open, close)",PAP-v4 §3.1 envelope repair
GWFD83,2025-05-23,high,1179.0,1226.0,"high < max(open, close)",PAP-v4 §3.1 envelope repair
GWFD83,2025-05-24,high,1179.0,1226.0,"high < max(open, close)",PAP-v4 §3.1 envelope repair
GWFD83,2025-05-25,high,1250.5,1275.4,"high < max(open, close)",PAP-v4 §3.1 envelope repair
GWFD83,2025-05-26,high,1275.4,1300.9,"high < max(open, close)",PAP-v4 §3.1 envelope repair
GWFD83,2025-05-27,high,1300.9,1326.9,"high < max(open, close)",PAP-v4 §3.1 envelope repair
GWFD83,2025-05-28,high,1326.9,1353.4,"high < max(open, close)",PAP-v4 §3.1 envelope repair
GWFD83,2025-05-29,high,1326.9,1353.4,"high < max(open, close)",PAP-v4 §3.1 envelope repair
GWFD83,2025-05-30,high,1326.9,1353.4,"high < max(open, close)",PAP-v4 §3.1 envelope repair
GWFD83,2025-05-31,high,1326.9,1353.4,"high < max(open, close)",PAP-v4 §3.1 envelope repair
GWFD83,2025-06-01,high,1326.9,1353.4,"high < max(open, close)",PAP-v4 §3.1 envelope repair
GWFD83,2025-06-02,high,1353.4,1380.4,"high < max(open, close)",PAP-v4 §3.1 envelope repair
GWFD83,2025-06-03,high,1380.4,1408.0,"high < max(open, close)",PAP-v4 §3.1 envelope repair
GWFD83,2025-06-04,high,1408.0,1436.1,"high < max(open, close)",PAP-v4 §3.1 envelope repair
GWFD83,2025-06-05,high,1436.1,1464.8,"high < max(open, close)",PAP-v4 §3.1 envelope repair
GWFD83,2025-06-06,high,1436.1,1464.8,"high < max(open, close)",PAP-v4 §3.1 envelope repair
GWFD83,2025-06-07,high,1436.1,1464.8,"high < max(open, close)",PAP-v4 §3.1 envelope repair
GWFD83,2025-07-06,low,1435.6,1308.3,"low > min(open, close)",PAP-v4 §3.1 envelope repair
GWFD83,2025-07-15,high,1193.5,1217.0,"high < max(open, close)",PAP-v4 §3.1 envelope repair
GWFD83,2025-07-16,high,1241.0,1249.9,"high < max(open, close)",PAP-v4 §3.1 envelope repair
GWFD83,2025-07-17,high,1249.9,1274.8,"high < max(open, close)",PAP-v4 §3.1 envelope repair
GWFD83,2025-07-18,high,1249.9,1274.8,"high < max(open, close)",PAP-v4 §3.1 envelope repair
GWFD83,2025-07-19,high,1249.9,1274.8,"high < max(open, close)",PAP-v4 §3.1 envelope repair
GWFD83,2025-10-08,high,1200.0,1204.0,"high < max(open, close)",PAP-v4 §3.1 envelope repair
GWFD83,2026-02-11,high,1098.0,1119.0,"high < max(open, close)",PAP-v4 §3.1 envelope repair
GWFD83,2026-02-12,low,1119.0,1097.3,"low > min(open, close)",PAP-v4 §3.1 envelope repair
GWFD83,2026-02-13,low,1119.0,1097.3,"low > min(open, close)",PAP-v4 §3.1 envelope repair
GWFD83,2026-02-14,low,1119.0,1097.3,"low > min(open, close)",PAP-v4 §3.1 envelope repair
GWFD83,2026-02-15,low,1119.0,1097.3,"low > min(open, close)",PAP-v4 §3.1 envelope repair
GWFD83,2026-02-16,low,1093.1,1093.0,"low > min(open, close)",PAP-v4 §3.1 envelope repair
GWFD83,2026-02-22,low,1114.8,1094.0,"low > min(open, close)",PAP-v4 §3.1 envelope repair
GWFD83,2026-03-15,high,1120.0,1137.0,"high < max(open, close)",PAP-v4 §3.1 envelope repair
GWFD83,2026-03-22,high,1137.0,1140.0,"high < max(open, close)",PAP-v4 §3.1 envelope repair
GWFD83,2026-03-31,high,1125.0,1133.0,"high < max(open, close)",PAP-v4 §3.1 envelope repair
GWFD83,2026-04-08,low,1125.0,1105.0,"low > min(open, close)",PAP-v4 §3.1 envelope repair
GWFD83,2026-04-13,low,1105.0,1089.0,"low > min(open, close)",PAP-v4 §3.1 envelope repair
GWFD83,2026-04-14,low,1105.0,1089.0,"low > min(open, close)",PAP-v4 §3.1 envelope repair
GWFD83,2026-04-20,high,1087.5,1120.0,"high < max(open, close)",PAP-v4 §3.1 envelope repair
GWFD83,2026-04-21,low,1120.0,1086.4,"low > min(open, close)",PAP-v4 §3.1 envelope repair
GWFD83,2026-04-27,high,1080.0,1112.3,"high < max(open, close)",PAP-v4 §3.1 envelope repair
GWFD83,2026-05-12,high,1079.0,1090.0,"high < max(open, close)",PAP-v4 §3.1 envelope repair
GWFD83,2026-07-13,high,1100.0,1114.0,"high < max(open, close)",PAP-v4 §3.1 envelope repair
GWFD83,2026-07-16,high,1140.8,1153.0,"high < max(open, close)",PAP-v4 §3.1 envelope repair
GWFD83,2026-07-20,low,1160.0,1158.0,"low > min(open, close)",PAP-v4 §3.1 envelope repair
GWFD83,2026-07-30,low,1158.0,1123.3,"low > min(open, close)",PAP-v4 §3.1 envelope repair
GWFD83,2026-07-31,low,1123.3,1089.7,"low > min(open, close)",PAP-v4 §3.1 envelope repair
GWFD83,2026-08-04,low,1031.0,1030.2,"low > min(open, close)",PAP-v4 §3.1 envelope repair
GWFD83,2026-08-05,high,1030.2,1085.0,"high < max(open, close)",PAP-v4 §3.1 envelope repair
GWFD83,2026-08-12,low,1085.0,1054.3,"low > min(open, close)",PAP-v4 §3.1 envelope repair
GWFD83,2026-08-13,high,1054.3,1085.0,"high < max(open, close)",PAP-v4 §3.1 envelope repair
HBLD83,2025-03-23,low,1060.0,1049.1,"low > min(open, close)",PAP-v4 §3.1 envelope repair
HBLD83,2025-03-24,low,1049.1,1047.0,"low > min(open, close)",PAP-v4 §3.1 envelope repair
HBLD83,2025-03-25,high,1047.0,1047.1,"high < max(open, close)",PAP-v4 §3.1 envelope repair
HBLD83,2025-04-01,high,1047.1,1068.0,"high < max(open, close)",PAP-v4 §3.1 envelope repair
HBLD83,2025-04-08,high,1048.1,1065.33,"high < max(open, close)",PAP-v4 §3.1 envelope repair
HBLD83,2025-04-16,high,1065.33,1065.9,"high < max(open, close)",PAP-v4 §3.1 envelope repair
HBLD83,2025-05-25,low,1060.5,1060.2,"low > min(open, close)",PAP-v4 §3.1 envelope repair
HBLD83,2025-05-26,low,1060.2,1059.2,"low > min(open, close)",PAP-v4 §3.1 envelope repair
HBLD83,2025-06-10,low,1059.2,1058.0,"low > min(open, close)",PAP-v4 §3.1 envelope repair
HBLD83,2026-02-17,low,1024.3,1024.0,"low > min(open, close)",PAP-v4 §3.1 envelope repair
HBLD83,2026-02-18,low,1024.3,1024.0,"low > min(open, close)",PAP-v4 §3.1 envelope repair
HBLD83,2026-02-19,low,1024.3,1024.0,"low > min(open, close)",PAP-v4 §3.1 envelope repair
HBLD83,2026-02-20,low,1024.3,1024.0,"low > min(open, close)",PAP-v4 §3.1 envelope repair
HBLD83,2026-02-21,low,1024.3,1024.0,"low > min(open, close)",PAP-v4 §3.1 envelope repair
HBLD83,2026-04-27,high,1060.0,1075.0,"high < max(open, close)",PAP-v4 §3.1 envelope repair
HBLD83,2026-04-30,low,1075.0,1043.0,"low > min(open, close)",PAP-v4 §3.1 envelope repair
HBLD83,2026-05-01,low,1075.0,1043.0,"low > min(open, close)",PAP-v4 §3.1 envelope repair
HBLD83,2026-05-02,low,1075.0,1043.0,"low > min(open, close)",PAP-v4 §3.1 envelope repair
HBLD83,2026-05-03,low,1075.0,1043.0,"low > min(open, close)",PAP-v4 §3.1 envelope repair
HBLD83,2026-06-05,high,1035.0,1036.1,"high < max(open, close)",PAP-v4 §3.1 envelope repair
HBLD83,2026-06-06,high,1035.0,1036.1,"high < max(open, close)",PAP-v4 §3.1 envelope repair
HBLD83,2026-06-07,high,1035.0,1036.1,"high < max(open, close)",PAP-v4 §3.1 envelope repair
HBLD83,2026-06-11,low,1036.1,1034.5,"low > min(open, close)",PAP-v4 §3.1 envelope repair
HBLD83,2026-06-23,low,1050.0,1035.0,"low > min(open, close)",PAP-v4 §3.1 envelope repair
HBLD86,2025-03-23,low,1142.0,1120.0,"low > min(open, close)",PAP-v4 §3.1 envelope repair
HBLD86,2025-03-27,high,1100.0,1122.0,"high < max(open, close)",PAP-v4 §3.1 envelope repair
HBLD86,2025-03-28,high,1100.0,1122.0,"high < max(open, close)",PAP-v4 §3.1 envelope repair
HBLD86,2025-03-29,high,1100.0,1122.0,"high < max(open, close)",PAP-v4 §3.1 envelope repair
HBLD86,2025-05-13,high,1135.1,1140.0,"high < max(open, close)",PAP-v4 §3.1 envelope repair
HBLD86,2025-05-25,high,1133.0,1133.1,"high < max(open, close)",PAP-v4 §3.1 envelope repair
HBLD86,2025-05-27,low,1150.0,1130.0,"low > min(open, close)",PAP-v4 §3.1 envelope repair
HBLD86,2026-04-24,low,1140.5,1140.0,"low > min(open, close)",PAP-v4 §3.1 envelope repair
HBLD86,2026-04-25,low,1140.5,1140.0,"low > min(open, close)",PAP-v4 §3.1 envelope repair
HBLD86,2026-04-26,low,1140.5,1140.0,"low > min(open, close)",PAP-v4 §3.1 envelope repair
HBLD86,2026-04-27,low,1140.0,1100.0,"low > min(open, close)",PAP-v4 §3.1 envelope repair
HBLD86,2026-04-28,low,1133.0,1100.0,"low > min(open, close)",PAP-v4 §3.1 envelope repair
HBLD86,2026-04-29,low,1152.1,1115.0,"low > min(open, close)",PAP-v4 §3.1 envelope repair
HBLD86,2026-08-21,low,1220.0,1170.0,"low > min(open, close)",PAP-v4 §3.1 envelope repair
HBLD86,2026-08-25,low,1170.0,1136.1,"low > min(open, close)",PAP-v4 §3.1 envelope repair
HBLD86,2026-08-26,low,1136.1,1080.0,"low > min(open, close)",PAP-v4 §3.1 envelope repair
HEIP,2026-04-28,high,325.9,335.0,"high < max(open, close)",PAP-v4 §3.1 envelope repair
HLBSL,2026-04-24,high,900.0,907.0,"high < max(open, close)",PAP-v4 §3.1 envelope repair
HLBSL,2026-04-25,high,900.0,907.0,"high < max(open, close)",PAP-v4 §3.1 envelope repair
HLBSL,2026-04-26,high,900.0,907.0,"high < max(open, close)",PAP-v4 §3.1 envelope repair
HLBSL,2026-04-29,high,880.0,880.3,"high < max(open, close)",PAP-v4 §3.1 envelope repair
HLICF,2026-04-27,high,9.03,9.3,"high < max(open, close)",PAP-v4 §3.1 envelope repair
HPPL,2026-04-28,high,392.8,392.9,"high < max(open, close)",PAP-v4 §3.1 envelope repair
HRL,2026-04-29,high,685.0,685.5,"high < max(open, close)",PAP-v4 §3.1 envelope repair
ICFC,2026-04-24,high,626.5,629.5,"high < max(open, close)",PAP-v4 §3.1 envelope repair
ICFC,2026-04-25,high,626.5,629.5,"high < max(open, close)",PAP-v4 §3.1 envelope repair
ICFC,2026-04-26,high,626.5,629.5,"high < max(open, close)",PAP-v4 §3.1 envelope repair
ICFCD83,2025-03-23,low,1212.01,1192.0,"low > min(open, close)",PAP-v4 §3.1 envelope repair
ICFCD83,2025-03-25,high,1180.0,1183.0,"high < max(open, close)",PAP-v4 §3.1 envelope repair
ICFCD83,2025-03-27,low,1200.0,1199.99,"low > min(open, close)",PAP-v4 §3.1 envelope repair
ICFCD83,2025-03-28,low,1200.0,1199.99,"low > min(open, close)",PAP-v4 §3.1 envelope repair
ICFCD83,2025-03-29,low,1200.0,1199.99,"low > min(open, close)",PAP-v4 §3.1 envelope repair
ICFCD83,2025-04-08,high,1200.0,1224.0,"high < max(open, close)",PAP-v4 §3.1 envelope repair
ICFCD83,2025-04-10,high,1225.0,1245.0,"high < max(open, close)",PAP-v4 §3.1 envelope repair
ICFCD83,2025-04-11,high,1225.0,1245.0,"high < max(open, close)",PAP-v4 §3.1 envelope repair
ICFCD83,2025-04-12,high,1225.0,1245.0,"high < max(open, close)",PAP-v4 §3.1 envelope repair
ICFCD83,2025-04-13,high,1255.0,1280.0,"high < max(open, close)",PAP-v4 §3.1 envelope repair
ICFCD83,2025-04-14,high,1255.0,1280.0,"high < max(open, close)",PAP-v4 §3.1 envelope repair
ICFCD83,2025-04-20,low,1250.0,1225.0,"low > min(open, close)",PAP-v4 §3.1 envelope repair
ICFCD83,2025-05-11,high,1206.36,1230.4,"high < max(open, close)",PAP-v4 §3.1 envelope repair
ICFCD83,2025-05-12,high,1206.36,1230.4,"high < max(open, close)",PAP-v4 §3.1 envelope repair
ICFCD83,2025-06-03,low,1170.0,1156.4,"low > min(open, close)",PAP-v4 §3.1 envelope repair
ICFCD83,2025-06-04,high,1156.4,1202.9,"high < max(open, close)",PAP-v4 §3.1 envelope repair
ICFCD83,2025-06-15,low,1190.0,1174.0,"low > min(open, close)",PAP-v4 §3.1 envelope repair
ICFCD83,2025-06-16,high,1174.0,1197.4,"high < max(open, close)",PAP-v4 §3.1 envelope repair
ICFCD83,2025-07-10,high,1249.71,1260.0,"high < max(open, close)",PAP-v4 §3.1 envelope repair
ICFCD83,2025-07-11,high,1249.71,1260.0,"high < max(open, close)",PAP-v4 §3.1 envelope repair
ICFCD83,2025-07-12,high,1249.71,1260.0,"high < max(open, close)",PAP-v4 §3.1 envelope repair
ICFCD83,2025-07-15,high,1260.0,1285.0,"high < max(open, close)",PAP-v4 §3.1 envelope repair
ICFCD83,2025-09-01,low,1337.8,1311.1,"low > min(open, close)",PAP-v4 §3.1 envelope repair
ICFCD83,2025-09-02,low,1311.1,1284.9,"low > min(open, close)",PAP-v4 §3.1 envelope repair
ICFCD83,2026-04-29,low,1119.0,1086.9,"low > min(open, close)",PAP-v4 §3.1 envelope repair
ICFCD83,2026-05-18,low,1082.1,1082.0,"low > min(open, close)",PAP-v4 §3.1 envelope repair
ICFCD83,2026-06-11,high,1078.4,1100.0,"high < max(open, close)",PAP-v4 §3.1 envelope repair
ICFCD83,2026-07-16,high,1140.0,1154.0,"high < max(open, close)",PAP-v4 §3.1 envelope repair
ICFCD83,2026-07-20,high,1211.7,1272.2,"high < max(open, close)",PAP-v4 §3.1 envelope repair
ICFCD83,2026-08-04,low,1272.2,1234.1,"low > min(open, close)",PAP-v4 §3.1 envelope repair
ICFCD83,2026-08-17,high,1032.0,1040.0,"high < max(open, close)",PAP-v4 §3.1 envelope repair
ICFCD83,2026-08-19,low,1035.0,983.3,"low > min(open, close)",PAP-v4 §3.1 envelope repair
ICFCD83,2026-08-20,low,983.3,934.2,"low > min(open, close)",PAP-v4 §3.1 envelope repair
ICFCD83,2026-08-21,low,934.2,887.5,"low > min(open, close)",PAP-v4 §3.1 envelope repair
ICFCD83,2026-08-24,low,887.5,843.2,"low > min(open, close)",PAP-v4 §3.1 envelope repair
ICFCD88,2025-08-28,high,1070.0,1090.0,"high < max(open, close)",PAP-v4 §3.1 envelope repair
ICFCD88,2025-08-29,high,1070.0,1090.0,"high < max(open, close)",PAP-v4 §3.1 envelope repair
ICFCD88,2025-08-30,high,1070.0,1090.0,"high < max(open, close)",PAP-v4 §3.1 envelope repair
ICFCD88,2025-11-27,high,1125.0,1125.3,"high < max(open, close)",PAP-v4 §3.1 envelope repair
ICFCD88,2025-11-28,high,1125.0,1125.3,"high < max(open, close)",PAP-v4 §3.1 envelope repair
ICFCD88,2025-11-29,high,1125.0,1125.3,"high < max(open, close)",PAP-v4 §3.1 envelope repair
ICFCD88,2025-12-22,high,1215.0,1216.0,"high < max(open, close)",PAP-v4 §3.1 envelope repair
ICFCD88,2025-12-24,low,1216.0,1191.7,"low > min(open, close)",PAP-v4 §3.1 envelope repair
ICFCD88,2025-12-25,low,1216.0,1191.7,"low > min(open, close)",PAP-v4 §3.1 envelope repair
ICFCD88,2025-12-26,low,1216.0,1191.7,"low > min(open, close)",PAP-v4 §3.1 envelope repair
ICFCD88,2025-12-27,low,1216.0,1191.7,"low > min(open, close)",PAP-v4 §3.1 envelope repair
ICFCD88,2026-01-29,high,1115.0,1125.0,"high < max(open, close)",PAP-v4 §3.1 envelope repair
ICFCD88,2026-01-30,high,1115.0,1125.0,"high < max(open, close)",PAP-v4 §3.1 envelope repair
ICFCD88,2026-01-31,high,1115.0,1125.0,"high < max(open, close)",PAP-v4 §3.1 envelope repair
ICFCD88,2026-03-25,high,1150.0,1171.0,"high < max(open, close)",PAP-v4 §3.1 envelope repair
ICFCD88,2026-04-29,high,1167.0,1200.0,"high < max(open, close)",PAP-v4 §3.1 envelope repair
ICFCD89,2026-04-27,low,1085.1,1083.1,"low > min(open, close)",PAP-v4 §3.1 envelope repair
ICFCD89,2026-06-05,high,1097.0,1105.0,"high < max(open, close)",PAP-v4 §3.1 envelope repair
ICFCD89,2026-06-06,high,1097.0,1105.0,"high < max(open, close)",PAP-v4 §3.1 envelope repair
ICFCD89,2026-06-07,high,1097.0,1105.0,"high < max(open, close)",PAP-v4 §3.1 envelope repair
ICFCD89,2026-06-26,high,1110.0,1113.8,"high < max(open, close)",PAP-v4 §3.1 envelope repair
ICFCD89,2026-06-27,high,1110.0,1113.8,"high < max(open, close)",PAP-v4 §3.1 envelope repair
ICFCD89,2026-06-28,high,1110.0,1113.8,"high < max(open, close)",PAP-v4 §3.1 envelope repair
ICFCD89,2026-07-09,high,1100.5,1113.0,"high < max(open, close)",PAP-v4 §3.1 envelope repair
ICFCD89,2026-07-16,high,1109.0,1119.0,"high < max(open, close)",PAP-v4 §3.1 envelope repair
ICFCD89,2026-07-28,high,1097.0,1098.0,"high < max(open, close)",PAP-v4 §3.1 envelope repair
ICFCD89,2026-08-21,high,1099.0,1100.0,"high < max(open, close)",PAP-v4 §3.1 envelope repair
JBBD87,2025-03-23,low,1045.0,1043.1,"low > min(open, close)",PAP-v4 §3.1 envelope repair
JBBD87,2025-03-25,high,1055.0,1055.9,"high < max(open, close)",PAP-v4 §3.1 envelope repair
JBBD87,2025-03-26,high,1055.0,1055.15,"high < max(open, close)",PAP-v4 §3.1 envelope repair
JBBD87,2025-03-30,low,1053.0,1052.5,"low > min(open, close)",PAP-v4 §3.1 envelope repair
JBBD87,2025-03-31,low,1053.0,1052.5,"low > min(open, close)",PAP-v4 §3.1 envelope repair
JBBD87,2025-04-01,high,1052.5,1055.0,"high < max(open, close)",PAP-v4 §3.1 envelope repair
JBBD87,2025-04-08,low,1065.0,1063.1,"low > min(open, close)",PAP-v4 §3.1 envelope repair
JBBD87,2025-04-15,high,1071.0,1073.1,"high < max(open, close)",PAP-v4 §3.1 envelope repair
JBBD87,2025-04-16,high,1073.1,1075.0,"high < max(open, close)",PAP-v4 §3.1 envelope repair
JBBD87,2025-04-22,high,1086.1,1088.4,"high < max(open, close)",PAP-v4 §3.1 envelope repair
JBBD87,2025-05-05,high,1082.1,1092.1,"high < max(open, close)",PAP-v4 §3.1 envelope repair
JBBD87,2025-05-06,high,1092.1,1095.1,"high < max(open, close)",PAP-v4 §3.1 envelope repair
JBBD87,2025-05-11,high,1089.0,1090.1,"high < max(open, close)",PAP-v4 §3.1 envelope repair
JBBD87,2025-05-12,high,1089.0,1090.1,"high < max(open, close)",PAP-v4 §3.1 envelope repair
JBBD87,2025-06-08,high,1060.0,1081.2,"high < max(open, close)",PAP-v4 §3.1 envelope repair
JBBD87,2025-06-25,low,1100.0,1088.0,"low > min(open, close)",PAP-v4 §3.1 envelope repair
JBBD87,2025-06-29,high,1088.0,1113.0,"high < max(open, close)",PAP-v4 §3.1 envelope repair
JBBD87,2025-08-17,low,1060.0,1050.6,"low > min(open, close)",PAP-v4 §3.1 envelope repair
JBBD87,2025-08-21,high,1062.0,1065.0,"high < max(open, close)",PAP-v4 §3.1 envelope repair
JBBD87,2025-08-22,high,1062.0,1065.0,"high < max(open, close)",PAP-v4 §3.1 envelope repair
JBBD87,2025-08-23,high,1062.0,1065.0,"high < max(open, close)",PAP-v4 §3.1 envelope repair
JBBD87,2025-10-29,low,1166.0,1100.0,"low > min(open, close)",PAP-v4 §3.1 envelope repair
JBBD87,2025-12-09,high,1195.0,1289.0,"high < max(open, close)",PAP-v4 §3.1 envelope repair
JBBD87,2025-12-10,low,1289.0,1213.4,"low > min(open, close)",PAP-v4 §3.1 envelope repair
JBLBP,2025-04-20,high,100.0,530.0,"high < max(open, close)",PAP-v4 §3.1 envelope repair
JHAPA,2026-04-29,high,1679.1,1731.0,"high < max(open, close)",PAP-v4 §3.1 envelope repair
JOSHI,2026-04-29,high,286.0,287.8,"high < max(open, close)",PAP-v4 §3.1 envelope repair
JSLBB,2026-04-28,high,1105.0,1128.0,"high < max(open, close)",PAP-v4 §3.1 envelope repair
KBLD86,2024-12-05,low,1208.7,1183.6,"low > min(open, close)",PAP-v4 §3.1 envelope repair
KBLD86,2024-12-06,low,1208.7,1183.6,"low > min(open, close)",PAP-v4 §3.1 envelope repair
KBLD86,2024-12-07,low,1208.7,1183.6,"low > min(open, close)",PAP-v4 §3.1 envelope repair
KBLD86,2025-04-30,high,1127.0,1130.0,"high < max(open, close)",PAP-v4 §3.1 envelope repair
KBLD86,2025-05-01,high,1127.0,1130.0,"high < max(open, close)",PAP-v4 §3.1 envelope repair
KBLD86,2025-05-02,high,1127.0,1130.0,"high < max(open, close)",PAP-v4 §3.1 envelope repair
KBLD86,2025-05-03,high,1127.0,1130.0,"high < max(open, close)",PAP-v4 §3.1 envelope repair
KBLD86,2025-05-14,high,1124.0,1126.0,"high < max(open, close)",PAP-v4 §3.1 envelope repair
KBLD86,2025-07-02,high,1205.0,1210.0,"high < max(open, close)",PAP-v4 §3.1 envelope repair
KBLD86,2025-07-08,high,1225.0,1230.0,"high < max(open, close)",PAP-v4 §3.1 envelope repair
KBLD86,2025-07-14,high,1230.0,1234.0,"high < max(open, close)",PAP-v4 §3.1 envelope repair
KBLD86,2025-08-27,low,1174.0,1106.0,"low > min(open, close)",PAP-v4 §3.1 envelope repair
KBLD86,2025-09-02,low,1120.0,1107.0,"low > min(open, close)",PAP-v4 §3.1 envelope repair
KBLD86,2025-09-21,low,1129.1,1107.2,"low > min(open, close)",PAP-v4 §3.1 envelope repair
KBLD86,2025-09-22,low,1129.1,1107.2,"low > min(open, close)",PAP-v4 §3.1 envelope repair
KBLD86,2025-10-12,low,1112.1,1112.0,"low > min(open, close)",PAP-v4 §3.1 envelope repair
KBLD86,2025-10-30,low,1156.8,1135.1,"low > min(open, close)",PAP-v4 §3.1 envelope repair
KBLD86,2025-10-31,low,1156.8,1135.1,"low > min(open, close)",PAP-v4 §3.1 envelope repair
KBLD86,2025-11-01,low,1156.8,1135.1,"low > min(open, close)",PAP-v4 §3.1 envelope repair
KBLD86,2025-11-10,high,1153.0,1176.0,"high < max(open, close)",PAP-v4 §3.1 envelope repair
KBLD86,2025-12-09,high,1156.0,1156.6,"high < max(open, close)",PAP-v4 §3.1 envelope repair
KBLD86,2025-12-11,low,1156.6,1140.0,"low > min(open, close)",PAP-v4 §3.1 envelope repair
KBLD86,2025-12-12,low,1156.6,1140.0,"low > min(open, close)",PAP-v4 §3.1 envelope repair
KBLD86,2025-12-13,low,1156.6,1140.0,"low > min(open, close)",PAP-v4 §3.1 envelope repair
KBLD86,2025-12-18,low,1140.0,1136.0,"low > min(open, close)",PAP-v4 §3.1 envelope repair
KBLD86,2025-12-19,low,1140.0,1136.0,"low > min(open, close)",PAP-v4 §3.1 envelope repair
KBLD86,2025-12-20,low,1140.0,1136.0,"low > min(open, close)",PAP-v4 §3.1 envelope repair
KBLD86,2025-12-22,high,1283.0,1307.0,"high < max(open, close)",PAP-v4 §3.1 envelope repair
KBLD86,2026-04-23,low,1257.0,1221.0,"low > min(open, close)",PAP-v4 §3.1 envelope repair
KBLD86,2026-04-27,low,1225.0,1131.1,"low > min(open, close)",PAP-v4 §3.1 envelope repair
KBLD86,2026-04-30,low,1131.1,1128.3,"low > min(open, close)",PAP-v4 §3.1 envelope repair
KBLD86,2026-05-01,low,1131.1,1128.3,"low > min(open, close)",PAP-v4 §3.1 envelope repair
KBLD86,2026-05-02,low,1131.1,1128.3,"low > min(open, close)",PAP-v4 §3.1 envelope repair
KBLD86,2026-05-03,low,1131.1,1128.3,"low > min(open, close)",PAP-v4 §3.1 envelope repair
KBLD86,2026-05-20,high,1122.0,1155.0,"high < max(open, close)",PAP-v4 §3.1 envelope repair
KBLD86,2026-05-27,high,1185.0,1257.0,"high < max(open, close)",PAP-v4 §3.1 envelope repair
KBLD86,2026-05-28,high,1185.0,1257.0,"high < max(open, close)",PAP-v4 §3.1 envelope repair
KBLD86,2026-05-29,high,1185.0,1257.0,"high < max(open, close)",PAP-v4 §3.1 envelope repair
KBLD86,2026-05-30,high,1185.0,1257.0,"high < max(open, close)",PAP-v4 §3.1 envelope repair
KBLD86,2026-05-31,high,1185.0,1257.0,"high < max(open, close)",PAP-v4 §3.1 envelope repair
KBLD86,2026-06-23,low,1236.0,1200.0,"low > min(open, close)",PAP-v4 §3.1 envelope repair
KBLD86,2026-06-26,low,1200.0,1166.7,"low > min(open, close)",PAP-v4 §3.1 envelope repair
KBLD86,2026-06-27,low,1200.0,1166.7,"low > min(open, close)",PAP-v4 §3.1 envelope repair
KBLD86,2026-06-28,low,1200.0,1166.7,"low > min(open, close)",PAP-v4 §3.1 envelope repair
KBLD86,2026-07-01,high,1180.0,1215.0,"high < max(open, close)",PAP-v4 §3.1 envelope repair
KBLD86,2026-07-14,high,1265.0,1302.0,"high < max(open, close)",PAP-v4 §3.1 envelope repair
KBLD86,2026-07-15,high,1341.0,1359.0,"high < max(open, close)",PAP-v4 §3.1 envelope repair
KBLD86,2026-07-16,high,1359.0,1387.5,"high < max(open, close)",PAP-v4 §3.1 envelope repair
KBLD86,2026-08-03,low,1387.5,1266.5,"low > min(open, close)",PAP-v4 §3.1 envelope repair
KBLD86,2026-08-05,low,1180.0,1125.0,"low > min(open, close)",PAP-v4 §3.1 envelope repair
KBLD86,2026-08-06,low,1125.0,1080.0,"low > min(open, close)",PAP-v4 §3.1 envelope repair
KBLD89,2025-04-13,high,1203.0,1205.0,"high < max(open, close)",PAP-v4 §3.1 envelope repair
KBLD89,2025-04-14,high,1203.0,1205.0,"high < max(open, close)",PAP-v4 §3.1 envelope repair
KBLD89,2025-04-16,low,1224.7,1202.0,"low > min(open, close)",PAP-v4 §3.1 envelope repair
KBLD89,2025-05-21,low,1224.7,1214.0,"low > min(open, close)",PAP-v4 §3.1 envelope repair
KBLD89,2025-06-11,low,1206.0,1181.9,"low > min(open, close)",PAP-v4 §3.1 envelope repair
KBLD89,2025-07-16,high,1224.0,1248.4,"high < max(open, close)",PAP-v4 §3.1 envelope repair
KBLD89,2025-10-12,low,1244.0,1230.0,"low > min(open, close)",PAP-v4 §3.1 envelope repair
KBLD89,2025-10-13,high,1254.0,1304.5,"high < max(open, close)",PAP-v4 §3.1 envelope repair
KBLD89,2025-10-29,low,1300.0,1274.2,"low > min(open, close)",PAP-v4 §3.1 envelope repair
KBLD89,2025-11-04,high,1297.0,1297.4,"high < max(open, close)",PAP-v4 §3.1 envelope repair
KBLD89,2026-02-04,low,1249.0,1242.1,"low > min(open, close)",PAP-v4 §3.1 envelope repair
KBLD89,2026-04-23,low,1379.0,1337.8,"low > min(open, close)",PAP-v4 §3.1 envelope repair
KBLD89,2026-04-24,low,1337.8,1297.7,"low > min(open, close)",PAP-v4 §3.1 envelope repair
KBLD89,2026-04-25,low,1337.8,1297.7,"low > min(open, close)",PAP-v4 §3.1 envelope repair
KBLD89,2026-04-26,low,1337.8,1297.7,"low > min(open, close)",PAP-v4 §3.1 envelope repair
KBLD89,2026-04-27,low,1297.7,1213.2,"low > min(open, close)",PAP-v4 §3.1 envelope repair
KBLD89,2026-04-30,high,1215.4,1235.0,"high < max(open, close)",PAP-v4 §3.1 envelope repair
KBLD89,2026-05-01,high,1215.4,1235.0,"high < max(open, close)",PAP-v4 §3.1 envelope repair
KBLD89,2026-05-02,high,1215.4,1235.0,"high < max(open, close)",PAP-v4 §3.1 envelope repair
KBLD89,2026-05-03,high,1215.4,1235.0,"high < max(open, close)",PAP-v4 §3.1 envelope repair
KBLD89,2026-06-23,high,1240.0,1251.0,"high < max(open, close)",PAP-v4 §3.1 envelope repair
KBLD89,2026-07-10,high,1255.0,1299.8,"high < max(open, close)",PAP-v4 §3.1 envelope repair
KBLD89,2026-07-13,low,1299.8,1262.0,"low > min(open, close)",PAP-v4 §3.1 envelope repair
KBLD89,2026-08-12,low,1274.0,1257.0,"low > min(open, close)",PAP-v4 §3.1 envelope repair
KBLD90,2025-03-23,low,1118.0,1113.2,"low > min(open, close)",PAP-v4 §3.1 envelope repair
KBLD90,2025-03-24,high,1113.2,1115.0,"high < max(open, close)",PAP-v4 §3.1 envelope repair
KBLD90,2025-03-25,high,1115.0,1115.4,"high < max(open, close)",PAP-v4 §3.1 envelope repair
KBLD90,2025-03-26,high,1115.4,1116.1,"high < max(open, close)",PAP-v4 §3.1 envelope repair
KBLD90,2025-03-30,high,1117.0,1118.0,"high < max(open, close)",PAP-v4 §3.1 envelope repair
KBLD90,2025-03-31,high,1117.0,1118.0,"high < max(open, close)",PAP-v4 §3.1 envelope repair
KBLD90,2025-04-01,high,1118.0,1122.1,"high < max(open, close)",PAP-v4 §3.1 envelope repair
KBLD90,2025-06-10,low,1128.0,1127.0,"low > min(open, close)",PAP-v4 §3.1 envelope repair
KBLD90,2025-07-03,high,1127.0,1149.5,"high < max(open, close)",PAP-v4 §3.1 envelope repair
KBLD90,2025-07-04,high,1127.0,1149.5,"high < max(open, close)",PAP-v4 §3.1 envelope repair
KBLD90,2025-07-05,high,1127.0,1149.5,"high < max(open, close)",PAP-v4 §3.1 envelope repair
KBLD90,2025-07-13,high,1131.0,1153.6,"high < max(open, close)",PAP-v4 §3.1 envelope repair
KBLD90,2025-08-13,low,1439.0,1410.3,"low > min(open, close)",PAP-v4 §3.1 envelope repair
KBLD90,2026-04-28,low,1500.0,1455.0,"low > min(open, close)",PAP-v4 §3.1 envelope repair
KBLD90,2026-05-04,low,1288.3,1216.0,"low > min(open, close)",PAP-v4 §3.1 envelope repair
KBLD90,2026-05-05,low,1216.0,1190.0,"low > min(open, close)",PAP-v4 §3.1 envelope repair
KBLD90,2026-05-22,high,1270.0,1273.0,"high < max(open, close)",PAP-v4 §3.1 envelope repair
KBLD90,2026-05-23,high,1270.0,1273.0,"high < max(open, close)",PAP-v4 §3.1 envelope repair
KBLD90,2026-05-24,high,1270.0,1273.0,"high < max(open, close)",PAP-v4 §3.1 envelope repair
KBLD90,2026-06-05,low,1210.0,1206.0,"low > min(open, close)",PAP-v4 §3.1 envelope repair
KBLD90,2026-06-06,low,1210.0,1206.0,"low > min(open, close)",PAP-v4 §3.1 envelope repair
KBLD90,2026-06-07,low,1210.0,1206.0,"low > min(open, close)",PAP-v4 §3.1 envelope repair
KBLD90,2026-06-29,low,1215.0,1206.1,"low > min(open, close)",PAP-v4 §3.1 envelope repair
KBLD90,2026-07-15,high,1324.0,1325.0,"high < max(open, close)",PAP-v4 §3.1 envelope repair
KBLD90,2026-07-16,high,1486.7,1488.0,"high < max(open, close)",PAP-v4 §3.1 envelope repair
KBLD90,2026-07-22,low,1470.0,1425.9,"low > min(open, close)",PAP-v4 §3.1 envelope repair
KBLD90,2026-07-29,low,1425.9,1383.2,"low > min(open, close)",PAP-v4 §3.1 envelope repair
KBSH,2026-04-29,high,1601.0,1620.0,"high < max(open, close)",PAP-v4 §3.1 envelope repair
KDBY,2026-04-29,high,11.5,11.54,"high < max(open, close)",PAP-v4 §3.1 envelope repair
KDL,2026-04-29,high,839.9,841.1,"high < max(open, close)",PAP-v4 §3.1 envelope repair
KEF,2026-04-28,high,10.8,10.89,"high < max(open, close)",PAP-v4 §3.1 envelope repair
KMCDB,2026-04-27,high,910.0,915.0,"high < max(open, close)",PAP-v4 §3.1 envelope repair
KSBBLD87,2025-03-23,low,1062.0,1044.0,"low > min(open, close)",PAP-v4 §3.1 envelope repair
KSBBLD87,2025-03-24,low,1044.0,1042.1,"low > min(open, close)",PAP-v4 §3.1 envelope repair
KSBBLD87,2025-03-30,high,1047.8,1052.1,"high < max(open, close)",PAP-v4 §3.1 envelope repair
KSBBLD87,2025-03-31,high,1047.8,1052.1,"high < max(open, close)",PAP-v4 §3.1 envelope repair
KSBBLD87,2025-04-30,high,1092.0,1092.1,"high < max(open, close)",PAP-v4 §3.1 envelope repair
KSBBLD87,2025-05-01,high,1092.0,1092.1,"high < max(open, close)",PAP-v4 §3.1 envelope repair
KSBBLD87,2025-05-02,high,1092.0,1092.1,"high < max(open, close)",PAP-v4 §3.1 envelope repair
KSBBLD87,2025-05-03,high,1092.0,1092.1,"high < max(open, close)",PAP-v4 §3.1 envelope repair
KSBBLD87,2025-05-04,low,1096.1,1096.0,"low > min(open, close)",PAP-v4 §3.1 envelope repair
KSBBLD87,2025-05-05,high,1096.0,1097.0,"high < max(open, close)",PAP-v4 §3.1 envelope repair
KSBBLD87,2025-05-14,high,1095.0,1095.1,"high < max(open, close)",PAP-v4 §3.1 envelope repair
KSBBLD87,2025-11-27,low,1178.1,1154.6,"low > min(open, close)",PAP-v4 §3.1 envelope repair
KSBBLD87,2025-11-28,low,1178.1,1154.6,"low > min(open, close)",PAP-v4 §3.1 envelope repair
KSBBLD87,2025-11-29,low,1178.1,1154.6,"low > min(open, close)",PAP-v4 §3.1 envelope repair
KSBBLD87,2025-11-30,low,1154.6,1142.0,"low > min(open, close)",PAP-v4 §3.1 envelope repair
KSBBLD87,2026-04-27,low,1100.1,1047.0,"low > min(open, close)",PAP-v4 §3.1 envelope repair
KSBBLD87,2026-06-08,low,1130.0,1111.6,"low > min(open, close)",PAP-v4 §3.1 envelope repair
KSBBLD87,2026-06-09,low,1130.0,1125.0,"low > min(open, close)",PAP-v4 §3.1 envelope repair
KSBBLD87,2026-06-23,high,1114.0,1115.0,"high < max(open, close)",PAP-v4 §3.1 envelope repair
KSBBLD87,2026-08-05,low,1121.0,1087.7,"low > min(open, close)",PAP-v4 §3.1 envelope repair
KSY,2026-04-24,low,9.85,9.6,"low > min(open, close)",PAP-v4 §3.1 envelope repair
KSY,2026-04-25,low,9.85,9.6,"low > min(open, close)",PAP-v4 §3.1 envelope repair
KSY,2026-04-26,low,9.85,9.6,"low > min(open, close)",PAP-v4 §3.1 envelope repair
KSY,2026-04-27,high,9.85,9.86,"high < max(open, close)",PAP-v4 §3.1 envelope repair
KSY,2026-04-28,high,9.49,9.61,"high < max(open, close)",PAP-v4 §3.1 envelope repair
LBBLD89,2025-02-11,high,1140.2,1159.2,"high < max(open, close)",PAP-v4 §3.1 envelope repair
LBBLD89,2025-02-11,low,1159.2,1140.2,"low > min(open, close)",PAP-v4 §3.1 envelope repair
LBBLD89,2025-04-02,high,1150.1,1172.0,"high < max(open, close)",PAP-v4 §3.1 envelope repair
LBBLD89,2025-04-16,low,1222.0,1205.0,"low > min(open, close)",PAP-v4 §3.1 envelope repair
LBBLD89,2025-04-20,high,1245.0,1251.0,"high < max(open, close)",PAP-v4 §3.1 envelope repair
LBBLD89,2025-11-04,high,1226.0,1250.0,"high < max(open, close)",PAP-v4 §3.1 envelope repair
LBLD86,2025-03-23,low,1090.0,1079.6,"low > min(open, close)",PAP-v4 §3.1 envelope repair
LBLD86,2025-03-24,low,1079.6,1076.7,"low > min(open, close)",PAP-v4 §3.1 envelope repair
LBLD86,2025-03-25,high,1076.7,1077.4,"high < max(open, close)",PAP-v4 §3.1 envelope repair
LBLD86,2025-04-01,high,1077.4,1085.0,"high < max(open, close)",PAP-v4 §3.1 envelope repair
LBLD86,2025-04-08,high,1085.0,1087.0,"high < max(open, close)",PAP-v4 §3.1 envelope repair
LBLD86,2025-04-13,high,1087.0,1103.0,"high < max(open, close)",PAP-v4 §3.1 envelope repair
LBLD86,2025-04-14,high,1087.0,1103.0,"high < max(open, close)",PAP-v4 §3.1 envelope repair
LBLD86,2025-05-21,high,1106.7,1107.0,"high < max(open, close)",PAP-v4 §3.1 envelope repair
LBLD86,2025-06-11,high,1104.8,1126.8,"high < max(open, close)",PAP-v4 §3.1 envelope repair
LBLD86,2025-07-09,low,1105.4,1089.0,"low > min(open, close)",PAP-v4 §3.1 envelope repair
LBLD86,2025-07-16,high,1130.0,1140.0,"high < max(open, close)",PAP-v4 §3.1 envelope repair
LBLD86,2025-09-21,high,1120.0,1142.4,"high < max(open, close)",PAP-v4 §3.1 envelope repair
LBLD86,2025-09-22,high,1120.0,1142.4,"high < max(open, close)",PAP-v4 §3.1 envelope repair
LBLD86,2025-09-25,low,1142.4,1098.0,"low > min(open, close)",PAP-v4 §3.1 envelope repair
LBLD86,2025-09-26,low,1142.4,1098.0,"low > min(open, close)",PAP-v4 §3.1 envelope repair
LBLD86,2025-09-27,low,1142.4,1098.0,"low > min(open, close)",PAP-v4 §3.1 envelope repair
LBLD86,2025-11-30,high,1129.1,1136.0,"high < max(open, close)",PAP-v4 §3.1 envelope repair
LBLD86,2025-12-03,low,1149.0,1131.0,"low > min(open, close)",PAP-v4 §3.1 envelope repair
LBLD86,2025-12-04,low,1149.0,1131.0,"low > min(open, close)",PAP-v4 §3.1 envelope repair
LBLD86,2025-12-05,low,1149.0,1131.0,"low > min(open, close)",PAP-v4 §3.1 envelope repair
LBLD86,2025-12-06,low,1149.0,1131.0,"low > min(open, close)",PAP-v4 §3.1 envelope repair
LBLD86,2025-12-11,low,1200.0,1176.0,"low > min(open, close)",PAP-v4 §3.1 envelope repair
LBLD86,2025-12-12,low,1200.0,1176.0,"low > min(open, close)",PAP-v4 §3.1 envelope repair
LBLD86,2025-12-13,low,1200.0,1176.0,"low > min(open, close)",PAP-v4 §3.1 envelope repair
LBLD86,2025-12-16,low,1176.0,1135.0,"low > min(open, close)",PAP-v4 §3.1 envelope repair
LBLD86,2025-12-17,high,1135.0,1157.7,"high < max(open, close)",PAP-v4 §3.1 envelope repair
LBLD86,2025-12-24,high,1157.7,1165.2,"high < max(open, close)",PAP-v4 §3.1 envelope repair
LBLD86,2025-12-25,high,1157.7,1165.2,"high < max(open, close)",PAP-v4 §3.1 envelope repair
LBLD86,2025-12-26,high,1157.7,1165.2,"high < max(open, close)",PAP-v4 §3.1 envelope repair
LBLD86,2025-12-27,high,1157.7,1165.2,"high < max(open, close)",PAP-v4 §3.1 envelope repair
LBLD86,2026-01-01,low,1175.1,1155.0,"low > min(open, close)",PAP-v4 §3.1 envelope repair
LBLD86,2026-01-02,low,1175.1,1155.0,"low > min(open, close)",PAP-v4 §3.1 envelope repair
LBLD86,2026-01-03,low,1175.1,1155.0,"low > min(open, close)",PAP-v4 §3.1 envelope repair
LBLD86,2026-05-27,high,1144.0,1208.0,"high < max(open, close)",PAP-v4 §3.1 envelope repair
LBLD86,2026-05-28,high,1144.0,1208.0,"high < max(open, close)",PAP-v4 §3.1 envelope repair
LBLD86,2026-05-29,high,1144.0,1208.0,"high < max(open, close)",PAP-v4 §3.1 envelope repair
LBLD86,2026-05-30,high,1144.0,1208.0,"high < max(open, close)",PAP-v4 §3.1 envelope repair
LBLD86,2026-05-31,high,1144.0,1208.0,"high < max(open, close)",PAP-v4 §3.1 envelope repair
LBLD86,2026-07-02,high,1225.0,1240.0,"high < max(open, close)",PAP-v4 §3.1 envelope repair
LBLD86,2026-07-09,low,1240.0,1202.8,"low > min(open, close)",PAP-v4 §3.1 envelope repair
LBLD86,2026-07-16,high,1211.0,1229.0,"high < max(open, close)",PAP-v4 §3.1 envelope repair
LBLD86,2026-07-27,low,1229.0,1200.0,"low > min(open, close)",PAP-v4 §3.1 envelope repair
LBLD86,2026-08-12,low,1210.0,1139.0,"low > min(open, close)",PAP-v4 §3.1 envelope repair
LBLD86,2026-08-13,low,1139.0,1083.0,"low > min(open, close)",PAP-v4 §3.1 envelope repair
LBLD88,2025-03-23,low,1025.0,1017.1,"low > min(open, close)",PAP-v4 §3.1 envelope repair
LBLD88,2025-05-26,high,1054.1,1057.0,"high < max(open, close)",PAP-v4 §3.1 envelope repair
LBLD88,2025-06-29,high,1044.2,1078.0,"high < max(open, close)",PAP-v4 §3.1 envelope repair
LBLD88,2025-10-08,high,1045.1,1066.0,"high < max(open, close)",PAP-v4 §3.1 envelope repair
LBLD88,2025-11-12,low,1113.0,1100.0,"low > min(open, close)",PAP-v4 §3.1 envelope repair
LBLD88,2026-01-26,low,1161.0,1160.0,"low > min(open, close)",PAP-v4 §3.1 envelope repair
LBLD88,2026-04-28,low,1110.0,1100.0,"low > min(open, close)",PAP-v4 §3.1 envelope repair
LBLD88,2026-06-24,high,1088.4,1088.7,"high < max(open, close)",PAP-v4 §3.1 envelope repair
LBLD88,2026-06-26,low,1088.5,1088.0,"low > min(open, close)",PAP-v4 §3.1 envelope repair
LBLD88,2026-06-27,low,1088.5,1088.0,"low > min(open, close)",PAP-v4 §3.1 envelope repair
LBLD88,2026-06-28,low,1088.5,1088.0,"low > min(open, close)",PAP-v4 §3.1 envelope repair
LLBS,2026-04-24,high,965.0,968.0,"high < max(open, close)",PAP-v4 §3.1 envelope repair
LLBS,2026-04-25,high,965.0,968.0,"high < max(open, close)",PAP-v4 §3.1 envelope repair
LLBS,2026-04-26,high,965.0,968.0,"high < max(open, close)",PAP-v4 §3.1 envelope repair
LUK,2026-04-24,high,9.67,9.91,"high < max(open, close)",PAP-v4 §3.1 envelope repair
LUK,2026-04-25,high,9.67,9.91,"high < max(open, close)",PAP-v4 §3.1 envelope repair
LUK,2026-04-26,high,9.67,9.91,"high < max(open, close)",PAP-v4 §3.1 envelope repair
LVF2,2026-04-24,high,9.86,9.9,"high < max(open, close)",PAP-v4 §3.1 envelope repair
LVF2,2026-04-25,high,9.86,9.9,"high < max(open, close)",PAP-v4 §3.1 envelope repair
LVF2,2026-04-26,high,9.86,9.9,"high < max(open, close)",PAP-v4 §3.1 envelope repair
MAKAR,2026-04-27,low,505.0,504.9,"low > min(open, close)",PAP-v4 §3.1 envelope repair
MAKAR,2026-04-29,high,500.0,503.0,"high < max(open, close)",PAP-v4 §3.1 envelope repair
MANDU,2026-04-24,high,825.0,830.0,"high < max(open, close)",PAP-v4 §3.1 envelope repair
MANDU,2026-04-25,high,825.0,830.0,"high < max(open, close)",PAP-v4 §3.1 envelope repair
MANDU,2026-04-26,high,825.0,830.0,"high < max(open, close)",PAP-v4 §3.1 envelope repair
MATRI,2026-04-29,high,915.0,924.0,"high < max(open, close)",PAP-v4 §3.1 envelope repair
MBL,2026-04-27,low,244.7,244.6,"low > min(open, close)",PAP-v4 §3.1 envelope repair
MBLD2085,2025-04-08,low,1195.0,1171.1,"low > min(open, close)",PAP-v4 §3.1 envelope repair
MBLD2085,2025-04-30,low,1127.1,1121.5,"low > min(open, close)",PAP-v4 §3.1 envelope repair
MBLD2085,2025-05-01,low,1127.1,1121.5,"low > min(open, close)",PAP-v4 §3.1 envelope repair
MBLD2085,2025-05-02,low,1127.1,1121.5,"low > min(open, close)",PAP-v4 §3.1 envelope repair
MBLD2085,2025-05-03,low,1127.1,1121.5,"low > min(open, close)",PAP-v4 §3.1 envelope repair
MBLD2085,2025-05-06,high,1117.1,1125.9,"high < max(open, close)",PAP-v4 §3.1 envelope repair
MBLD2085,2025-05-26,low,1130.0,1118.0,"low > min(open, close)",PAP-v4 §3.1 envelope repair
MBLD2085,2025-05-28,low,1118.0,1116.5,"low > min(open, close)",PAP-v4 §3.1 envelope repair
MBLD2085,2025-05-29,low,1118.0,1116.5,"low > min(open, close)",PAP-v4 §3.1 envelope repair
MBLD2085,2025-05-30,low,1118.0,1116.5,"low > min(open, close)",PAP-v4 §3.1 envelope repair
MBLD2085,2025-05-31,low,1118.0,1116.5,"low > min(open, close)",PAP-v4 §3.1 envelope repair
MBLD2085,2025-06-01,low,1118.0,1116.5,"low > min(open, close)",PAP-v4 §3.1 envelope repair
MBLD2085,2025-06-03,low,1116.5,1116.2,"low > min(open, close)",PAP-v4 §3.1 envelope repair
MBLD2085,2025-06-04,low,1116.2,1115.2,"low > min(open, close)",PAP-v4 §3.1 envelope repair
MBLD2085,2025-06-30,high,1205.5,1217.0,"high < max(open, close)",PAP-v4 §3.1 envelope repair
MBLD2085,2025-07-16,high,1273.18,1294.0,"high < max(open, close)",PAP-v4 §3.1 envelope repair
MBLD2085,2025-07-24,low,1294.0,1268.19,"low > min(open, close)",PAP-v4 §3.1 envelope repair
MBLD2085,2025-07-25,low,1294.0,1268.19,"low > min(open, close)",PAP-v4 §3.1 envelope repair
MBLD2085,2025-07-26,low,1294.0,1268.19,"low > min(open, close)",PAP-v4 §3.1 envelope repair
MBLD2085,2025-11-17,low,1268.19,1243.0,"low > min(open, close)",PAP-v4 §3.1 envelope repair
MBLD2085,2026-07-01,high,1150.0,1184.5,"high < max(open, close)",PAP-v4 §3.1 envelope repair
MBLD2085,2026-07-16,high,1230.0,1233.0,"high < max(open, close)",PAP-v4 §3.1 envelope repair
MBLD2085,2026-07-23,high,1205.0,1225.0,"high < max(open, close)",PAP-v4 §3.1 envelope repair
MBLD87,2025-03-23,low,1040.5,1021.1,"low > min(open, close)",PAP-v4 §3.1 envelope repair
MBLD87,2025-04-08,high,1026.0,1027.1,"high < max(open, close)",PAP-v4 §3.1 envelope repair
MBLD87,2025-04-15,high,1027.1,1041.0,"high < max(open, close)",PAP-v4 §3.1 envelope repair
MBLD87,2025-04-16,high,1041.0,1046.0,"high < max(open, close)",PAP-v4 §3.1 envelope repair
MBLD87,2025-04-21,high,1054.1,1059.9,"high < max(open, close)",PAP-v4 §3.1 envelope repair
MBLD87,2025-05-04,high,1063.2,1064.0,"high < max(open, close)",PAP-v4 §3.1 envelope repair
MBLD87,2025-05-05,high,1065.0,1066.0,"high < max(open, close)",PAP-v4 §3.1 envelope repair
MBLD87,2025-05-06,high,1068.0,1068.1,"high < max(open, close)",PAP-v4 §3.1 envelope repair
MBLD87,2025-05-14,high,1068.1,1070.0,"high < max(open, close)",PAP-v4 §3.1 envelope repair
MBLD87,2025-07-09,high,1039.5,1060.2,"high < max(open, close)",PAP-v4 §3.1 envelope repair
MBLD87,2026-07-10,high,1145.0,1145.1,"high < max(open, close)",PAP-v4 §3.1 envelope repair
MBLEF,2026-04-24,high,10.2,10.3,"high < max(open, close)",PAP-v4 §3.1 envelope repair
MBLEF,2026-04-25,high,10.2,10.3,"high < max(open, close)",PAP-v4 §3.1 envelope repair
MBLEF,2026-04-26,high,10.2,10.3,"high < max(open, close)",PAP-v4 §3.1 envelope repair
MBLEF,2026-04-28,high,10.2,10.29,"high < max(open, close)",PAP-v4 §3.1 envelope repair
MCHL,2026-04-27,high,350.0,350.3,"high < max(open, close)",PAP-v4 §3.1 envelope repair
MERO,2026-04-24,high,730.0,731.1,"high < max(open, close)",PAP-v4 §3.1 envelope repair
MERO,2026-04-25,high,730.0,731.1,"high < max(open, close)",PAP-v4 §3.1 envelope repair
MERO,2026-04-26,high,730.0,731.1,"high < max(open, close)",PAP-v4 §3.1 envelope repair
MFLD85,2025-02-11,high,1048.0,1051.0,"high < max(open, close)",PAP-v4 §3.1 envelope repair
MFLD85,2025-02-11,low,1051.0,1048.0,"low > min(open, close)",PAP-v4 §3.1 envelope repair
MFLD85,2025-02-13,high,1050.1,1053.3,"high < max(open, close)",PAP-v4 §3.1 envelope repair
MFLD85,2025-02-14,high,1050.1,1053.3,"high < max(open, close)",PAP-v4 §3.1 envelope repair
MFLD85,2025-02-15,high,1050.1,1053.3,"high < max(open, close)",PAP-v4 §3.1 envelope repair
MFLD85,2025-03-23,low,1090.0,1068.2,"low > min(open, close)",PAP-v4 §3.1 envelope repair
MFLD85,2025-03-24,low,1068.2,1052.0,"low > min(open, close)",PAP-v4 §3.1 envelope repair
MFLD85,2025-04-17,high,1100.0,1118.0,"high < max(open, close)",PAP-v4 §3.1 envelope repair
MFLD85,2025-04-18,high,1100.0,1118.0,"high < max(open, close)",PAP-v4 §3.1 envelope repair
MFLD85,2025-04-19,high,1100.0,1118.0,"high < max(open, close)",PAP-v4 §3.1 envelope repair
MFLD85,2025-05-04,low,1102.6,1100.1,"low > min(open, close)",PAP-v4 §3.1 envelope repair
MFLD85,2025-05-05,high,1100.1,1142.0,"high < max(open, close)",PAP-v4 §3.1 envelope repair
MFLD85,2025-05-08,high,1142.0,1145.0,"high < max(open, close)",PAP-v4 §3.1 envelope repair
MFLD85,2025-05-09,high,1142.0,1145.0,"high < max(open, close)",PAP-v4 §3.1 envelope repair
MFLD85,2025-05-10,high,1142.0,1145.0,"high < max(open, close)",PAP-v4 §3.1 envelope repair
MFLD85,2025-05-13,high,1145.0,1148.0,"high < max(open, close)",PAP-v4 §3.1 envelope repair
MFLD85,2025-05-14,high,1148.0,1150.0,"high < max(open, close)",PAP-v4 §3.1 envelope repair
MFLD85,2025-05-21,high,1150.0,1163.0,"high < max(open, close)",PAP-v4 §3.1 envelope repair
MFLD85,2025-08-12,low,1052.6,1051.8,"low > min(open, close)",PAP-v4 §3.1 envelope repair
MFLD85,2025-12-02,high,1110.0,1154.7,"high < max(open, close)",PAP-v4 §3.1 envelope repair
MFLD85,2025-12-09,high,1159.9,1168.5,"high < max(open, close)",PAP-v4 §3.1 envelope repair
MFLD85,2025-12-11,high,1168.5,1170.0,"high < max(open, close)",PAP-v4 §3.1 envelope repair
MFLD85,2025-12-12,high,1168.5,1170.0,"high < max(open, close)",PAP-v4 §3.1 envelope repair
MFLD85,2025-12-13,high,1168.5,1170.0,"high < max(open, close)",PAP-v4 §3.1 envelope repair
MFLD85,2025-12-17,high,1170.0,1177.0,"high < max(open, close)",PAP-v4 §3.1 envelope repair
MFLD85,2025-12-22,high,1177.0,1189.0,"high < max(open, close)",PAP-v4 §3.1 envelope repair
MFLD85,2025-12-23,high,1189.0,1201.0,"high < max(open, close)",PAP-v4 §3.1 envelope repair
MFLD85,2026-07-16,high,1180.0,1187.5,"high < max(open, close)",PAP-v4 §3.1 envelope repair
MHL,2026-04-29,high,504.0,508.0,"high < max(open, close)",PAP-v4 §3.1 envelope repair
MHNL,2026-04-29,high,265.9,267.8,"high < max(open, close)",PAP-v4 §3.1 envelope repair
MKCL,2026-04-29,high,1330.0,1338.0,"high < max(open, close)",PAP-v4 §3.1 envelope repair
MKJC,2026-04-24,high,507.0,508.0,"high < max(open, close)",PAP-v4 §3.1 envelope repair
MKJC,2026-04-25,high,507.0,508.0,"high < max(open, close)",PAP-v4 §3.1 envelope repair
MKJC,2026-04-26,high,507.0,508.0,"high < max(open, close)",PAP-v4 §3.1 envelope repair
MLBL,2026-04-29,high,369.0,369.9,"high < max(open, close)",PAP-v4 §3.1 envelope repair
MLBLD89,2025-03-23,low,1200.0,1190.0,"low > min(open, close)",PAP-v4 §3.1 envelope repair
MLBLD89,2025-03-24,low,1190.0,1166.2,"low > min(open, close)",PAP-v4 §3.1 envelope repair
MLBLD89,2025-03-26,high,1166.2,1166.9,"high < max(open, close)",PAP-v4 §3.1 envelope repair
MLBLD89,2025-04-01,high,1166.9,1168.2,"high < max(open, close)",PAP-v4 §3.1 envelope repair
MLBLD89,2025-04-09,high,1159.0,1182.1,"high < max(open, close)",PAP-v4 §3.1 envelope repair
MLBLD89,2025-04-23,low,1218.0,1206.0,"low > min(open, close)",PAP-v4 §3.1 envelope repair
MLBLD89,2025-12-22,low,1320.0,1269.0,"low > min(open, close)",PAP-v4 §3.1 envelope repair
MLBS,2026-04-28,high,1320.0,1327.0,"high < max(open, close)",PAP-v4 §3.1 envelope repair
MLBS,2026-04-29,high,1285.1,1315.0,"high < max(open, close)",PAP-v4 §3.1 envelope repair
MND84/85,2025-03-23,low,1046.7,1028.2,"low > min(open, close)",PAP-v4 §3.1 envelope repair
MND84/85,2025-03-25,high,1028.2,1035.0,"high < max(open, close)",PAP-v4 §3.1 envelope repair
MND84/85,2025-03-30,high,1031.1,1032.3,"high < max(open, close)",PAP-v4 §3.1 envelope repair
MND84/85,2025-03-31,high,1031.1,1032.3,"high < max(open, close)",PAP-v4 §3.1 envelope repair
MND84/85,2025-05-07,low,1076.1,1070.0,"low > min(open, close)",PAP-v4 §3.1 envelope repair
MND84/85,2025-05-26,low,1090.0,1068.4,"low > min(open, close)",PAP-v4 §3.1 envelope repair
MND84/85,2025-05-28,low,1068.4,1047.2,"low > min(open, close)",PAP-v4 §3.1 envelope repair
MND84/85,2025-05-29,low,1068.4,1047.2,"low > min(open, close)",PAP-v4 §3.1 envelope repair
MND84/85,2025-05-30,low,1068.4,1047.2,"low > min(open, close)",PAP-v4 §3.1 envelope repair
MND84/85,2025-05-31,low,1068.4,1047.2,"low > min(open, close)",PAP-v4 §3.1 envelope repair
MND84/85,2025-06-01,low,1068.4,1047.2,"low > min(open, close)",PAP-v4 §3.1 envelope repair
MND84/85,2025-06-02,high,1047.2,1051.1,"high < max(open, close)",PAP-v4 §3.1 envelope repair
MND84/85,2025-12-28,low,1128.0,1110.0,"low > min(open, close)",PAP-v4 §3.1 envelope repair
MND84/85,2026-05-20,low,1069.3,1069.1,"low > min(open, close)",PAP-v4 §3.1 envelope repair
NABILD2089,2026-02-25,high,1066.1,1080.0,"high < max(open, close)",PAP-v4 §3.1 envelope repair
NABILD2089,2026-03-12,low,1058.1,1058.0,"low > min(open, close)",PAP-v4 §3.1 envelope repair
NABILD2089,2026-03-13,low,1058.1,1058.0,"low > min(open, close)",PAP-v4 §3.1 envelope repair
NABILD2089,2026-03-14,low,1058.1,1058.0,"low > min(open, close)",PAP-v4 §3.1 envelope repair
NABILD2089,2026-04-28,low,1088.9,1058.9,"low > min(open, close)",PAP-v4 §3.1 envelope repair
NABILD2089,2026-04-29,high,1065.0,1088.9,"high < max(open, close)",PAP-v4 §3.1 envelope repair
NABILD2089,2026-05-25,low,1125.0,1095.1,"low > min(open, close)",PAP-v4 §3.1 envelope repair
NABILD2089,2026-06-18,high,1092.0,1124.7,"high < max(open, close)",PAP-v4 §3.1 envelope repair
NABILD2089,2026-06-19,high,1092.0,1124.7,"high < max(open, close)",PAP-v4 §3.1 envelope repair
NABILD2089,2026-06-20,high,1092.0,1124.7,"high < max(open, close)",PAP-v4 §3.1 envelope repair
NABILD2089,2026-06-21,high,1092.0,1124.7,"high < max(open, close)",PAP-v4 §3.1 envelope repair
NABILD2089,2026-06-30,low,1090.0,1060.0,"low > min(open, close)",PAP-v4 §3.1 envelope repair
NABILD2089,2026-07-01,high,1090.0,1122.7,"high < max(open, close)",PAP-v4 §3.1 envelope repair
NABILD2089,2026-07-02,high,1122.7,1153.0,"high < max(open, close)",PAP-v4 §3.1 envelope repair
NABILD2089,2026-07-09,low,1153.0,1124.0,"low > min(open, close)",PAP-v4 §3.1 envelope repair
NABILD2089,2026-08-10,high,1025.0,1055.7,"high < max(open, close)",PAP-v4 §3.1 envelope repair
NABILD87,2025-03-24,high,1042.6,1046.0,"high < max(open, close)",PAP-v4 §3.1 envelope repair
NABILD87,2025-03-25,high,1046.0,1050.0,"high < max(open, close)",PAP-v4 §3.1 envelope repair
NABILD87,2025-04-01,high,1073.0,1079.0,"high < max(open, close)",PAP-v4 §3.1 envelope repair
NABILD87,2025-05-07,high,1094.7,1095.0,"high < max(open, close)",PAP-v4 §3.1 envelope repair
NABILD87,2025-05-14,high,1095.0,1095.1,"high < max(open, close)",PAP-v4 §3.1 envelope repair
NABILD87,2025-05-18,low,1096.0,1095.0,"low > min(open, close)",PAP-v4 §3.1 envelope repair
NABILD87,2025-05-21,high,1095.0,1095.2,"high < max(open, close)",PAP-v4 §3.1 envelope repair
NABILD87,2025-06-12,low,1071.3,1071.2,"low > min(open, close)",PAP-v4 §3.1 envelope repair
NABILD87,2025-06-13,low,1071.3,1071.2,"low > min(open, close)",PAP-v4 §3.1 envelope repair
NABILD87,2025-06-14,low,1071.3,1071.2,"low > min(open, close)",PAP-v4 §3.1 envelope repair
NABILD87,2025-07-10,low,1076.1,1076.0,"low > min(open, close)",PAP-v4 §3.1 envelope repair
NABILD87,2025-07-11,low,1076.1,1076.0,"low > min(open, close)",PAP-v4 §3.1 envelope repair
NABILD87,2025-07-12,low,1076.1,1076.0,"low > min(open, close)",PAP-v4 §3.1 envelope repair
NABILD87,2025-11-20,high,1129.0,1151.5,"high < max(open, close)",PAP-v4 §3.1 envelope repair
NABILD87,2025-11-21,high,1129.0,1151.5,"high < max(open, close)",PAP-v4 §3.1 envelope repair
NABILD87,2025-11-22,high,1129.0,1151.5,"high < max(open, close)",PAP-v4 §3.1 envelope repair
NABILD87,2025-11-26,low,1144.0,1130.0,"low > min(open, close)",PAP-v4 §3.1 envelope repair
NABILD87,2025-12-31,high,1155.0,1178.1,"high < max(open, close)",PAP-v4 §3.1 envelope repair
NABILD87,2026-01-18,high,1180.0,1200.0,"high < max(open, close)",PAP-v4 §3.1 envelope repair
NABILD87,2026-01-19,high,1180.0,1200.0,"high < max(open, close)",PAP-v4 §3.1 envelope repair
NABILD87,2026-04-24,low,1140.0,1121.1,"low > min(open, close)",PAP-v4 §3.1 envelope repair
NABILD87,2026-04-25,low,1140.0,1121.1,"low > min(open, close)",PAP-v4 §3.1 envelope repair
NABILD87,2026-04-26,low,1140.0,1121.1,"low > min(open, close)",PAP-v4 §3.1 envelope repair
NABILD87,2026-04-27,low,1174.0,1140.0,"low > min(open, close)",PAP-v4 §3.1 envelope repair
NABILD87,2026-04-28,low,1200.0,1174.0,"low > min(open, close)",PAP-v4 §3.1 envelope repair
NABILD87,2026-05-04,low,1135.0,1105.0,"low > min(open, close)",PAP-v4 §3.1 envelope repair
NABILD87,2026-06-23,low,1125.0,1114.0,"low > min(open, close)",PAP-v4 §3.1 envelope repair
NABILD87,2026-08-05,low,1150.0,1116.0,"low > min(open, close)",PAP-v4 §3.1 envelope repair
NBBD2085,2024-11-20,high,1195.0,1199.0,"high < max(open, close)",PAP-v4 §3.1 envelope repair
NBBD2085,2025-03-25,low,1119.2,1099.1,"low > min(open, close)",PAP-v4 §3.1 envelope repair
NBBD2085,2025-04-01,low,1099.1,1092.5,"low > min(open, close)",PAP-v4 §3.1 envelope repair
NBBD2085,2025-04-03,high,1094.0,1098.0,"high < max(open, close)",PAP-v4 §3.1 envelope repair
NBBD2085,2025-04-04,high,1094.0,1098.0,"high < max(open, close)",PAP-v4 §3.1 envelope repair
NBBD2085,2025-04-05,high,1094.0,1098.0,"high < max(open, close)",PAP-v4 §3.1 envelope repair
NBBD2085,2025-04-06,high,1094.0,1098.0,"high < max(open, close)",PAP-v4 §3.1 envelope repair
NBBD2085,2025-04-27,high,1110.3,1116.82,"high < max(open, close)",PAP-v4 §3.1 envelope repair
NBBD2085,2025-04-30,low,1116.5,1116.2,"low > min(open, close)",PAP-v4 §3.1 envelope repair
NBBD2085,2025-05-01,low,1116.5,1116.2,"low > min(open, close)",PAP-v4 §3.1 envelope repair
NBBD2085,2025-05-02,low,1116.5,1116.2,"low > min(open, close)",PAP-v4 §3.1 envelope repair
NBBD2085,2025-05-03,low,1116.5,1116.2,"low > min(open, close)",PAP-v4 §3.1 envelope repair
NBBD2085,2025-05-04,high,1116.2,1116.5,"high < max(open, close)",PAP-v4 §3.1 envelope repair
NBBD2085,2025-05-06,low,1117.3,1117.2,"low > min(open, close)",PAP-v4 §3.1 envelope repair
NBBD2085,2025-05-07,low,1118.9,1118.3,"low > min(open, close)",PAP-v4 §3.1 envelope repair
NBBD2085,2025-05-14,low,1118.3,1117.0,"low > min(open, close)",PAP-v4 §3.1 envelope repair
NBBD2085,2025-05-15,high,1117.0,1117.4,"high < max(open, close)",PAP-v4 §3.1 envelope repair
NBBD2085,2025-05-16,high,1117.0,1117.4,"high < max(open, close)",PAP-v4 §3.1 envelope repair
NBBD2085,2025-05-17,high,1117.0,1117.4,"high < max(open, close)",PAP-v4 §3.1 envelope repair
NBBD2085,2025-05-21,low,1117.4,1117.0,"low > min(open, close)",PAP-v4 §3.1 envelope repair
NBBD2085,2025-05-26,low,1113.5,1113.2,"low > min(open, close)",PAP-v4 §3.1 envelope repair
NBBD2085,2025-05-27,high,1113.2,1113.4,"high < max(open, close)",PAP-v4 §3.1 envelope repair
NBBD2085,2025-06-18,high,1108.8,1130.9,"high < max(open, close)",PAP-v4 §3.1 envelope repair
NBBD2085,2025-11-19,low,1150.1,1131.1,"low > min(open, close)",PAP-v4 §3.1 envelope repair
NBBD2085,2025-12-18,low,1159.7,1135.0,"low > min(open, close)",PAP-v4 §3.1 envelope repair
NBBD2085,2025-12-19,low,1159.7,1135.0,"low > min(open, close)",PAP-v4 §3.1 envelope repair
NBBD2085,2025-12-20,low,1159.7,1135.0,"low > min(open, close)",PAP-v4 §3.1 envelope repair
NBBD2085,2025-12-28,high,1135.0,1149.0,"high < max(open, close)",PAP-v4 §3.1 envelope repair
NBBD2085,2026-01-01,low,1164.0,1163.1,"low > min(open, close)",PAP-v4 §3.1 envelope repair
NBBD2085,2026-01-02,low,1164.0,1163.1,"low > min(open, close)",PAP-v4 §3.1 envelope repair
NBBD2085,2026-01-03,low,1164.0,1163.1,"low > min(open, close)",PAP-v4 §3.1 envelope repair
NBBD2085,2026-06-11,low,1152.4,1123.0,"low > min(open, close)",PAP-v4 §3.1 envelope repair
NBBD2085,2026-07-22,low,1115.0,1065.0,"low > min(open, close)",PAP-v4 §3.1 envelope repair
NBBD2085,2026-07-25,high,1100.0,1133.0,"high < max(open, close)",PAP-v4 §3.1 envelope repair
NBBD2085,2026-07-27,low,1160.7,1159.0,"low > min(open, close)",PAP-v4 §3.1 envelope repair
NBF2,2026-04-24,high,9.95,10.1,"high < max(open, close)",PAP-v4 §3.1 envelope repair
NBF2,2026-04-25,high,9.95,10.1,"high < max(open, close)",PAP-v4 §3.1 envelope repair
NBF2,2026-04-26,high,9.95,10.1,"high < max(open, close)",PAP-v4 §3.1 envelope repair
NBLD82,2025-04-01,low,1078.0,1075.0,"low > min(open, close)",PAP-v4 §3.1 envelope repair
NBLD82,2025-04-28,high,1070.0,1109.63,"high < max(open, close)",PAP-v4 §3.1 envelope repair
NBLD82,2025-04-29,high,1109.63,1130.0,"high < max(open, close)",PAP-v4 §3.1 envelope repair
NBLD82,2025-04-30,high,1130.0,1150.0,"high < max(open, close)",PAP-v4 §3.1 envelope repair
NBLD82,2025-05-01,high,1130.0,1150.0,"high < max(open, close)",PAP-v4 §3.1 envelope repair
NBLD82,2025-05-02,high,1130.0,1150.0,"high < max(open, close)",PAP-v4 §3.1 envelope repair
NBLD82,2025-05-03,high,1130.0,1150.0,"high < max(open, close)",PAP-v4 §3.1 envelope repair
NBLD82,2025-05-06,high,1127.0,1149.4,"high < max(open, close)",PAP-v4 §3.1 envelope repair
NBLD82,2025-07-28,low,1070.3,1050.2,"low > min(open, close)",PAP-v4 §3.1 envelope repair
NBLD82,2025-08-05,high,1069.09,1089.9,"high < max(open, close)",PAP-v4 §3.1 envelope repair
NBLD82,2025-08-06,high,1089.9,1099.9,"high < max(open, close)",PAP-v4 §3.1 envelope repair
NBLD82,2025-08-19,low,1075.0,1072.0,"low > min(open, close)",PAP-v4 §3.1 envelope repair
NBLD82,2025-10-08,low,1068.0,1067.8,"low > min(open, close)",PAP-v4 §3.1 envelope repair
NBLD82,2025-12-24,high,1113.8,1134.5,"high < max(open, close)",PAP-v4 §3.1 envelope repair
NBLD82,2025-12-25,high,1113.8,1134.5,"high < max(open, close)",PAP-v4 §3.1 envelope repair
NBLD82,2025-12-26,high,1113.8,1134.5,"high < max(open, close)",PAP-v4 §3.1 envelope repair
NBLD82,2025-12-27,high,1113.8,1134.5,"high < max(open, close)",PAP-v4 §3.1 envelope repair
NBLD82,2026-03-16,low,1054.0,1047.0,"low > min(open, close)",PAP-v4 §3.1 envelope repair
NBLD82,2026-08-05,low,1055.0,1024.0,"low > min(open, close)",PAP-v4 §3.1 envelope repair
NBLD85,2025-03-26,high,1025.8,1025.9,"high < max(open, close)",PAP-v4 §3.1 envelope repair
NBLD85,2025-05-07,high,1042.0,1042.2,"high < max(open, close)",PAP-v4 §3.1 envelope repair
NBLD85,2025-07-15,high,1050.0,1051.66,"high < max(open, close)",PAP-v4 §3.1 envelope repair
NBLD85,2026-04-27,high,1053.3,1055.5,"high < max(open, close)",PAP-v4 §3.1 envelope repair
NBLD85,2026-05-25,high,1081.0,1105.9,"high < max(open, close)",PAP-v4 §3.1 envelope repair
NBLD85,2026-06-08,low,1100.0,1067.0,"low > min(open, close)",PAP-v4 §3.1 envelope repair
NBLD85,2026-07-30,high,1040.0,1045.0,"high < max(open, close)",PAP-v4 §3.1 envelope repair
NBLD87,2025-04-03,high,1036.0,1039.0,"high < max(open, close)",PAP-v4 §3.1 envelope repair
NBLD87,2025-04-04,high,1036.0,1039.0,"high < max(open, close)",PAP-v4 §3.1 envelope repair
NBLD87,2025-04-05,high,1036.0,1039.0,"high < max(open, close)",PAP-v4 §3.1 envelope repair
NBLD87,2025-04-06,high,1036.0,1039.0,"high < max(open, close)",PAP-v4 §3.1 envelope repair
NBLD87,2025-07-01,high,1058.5,1058.52,"high < max(open, close)",PAP-v4 §3.1 envelope repair
NBLD87,2026-03-16,low,1089.0,1083.1,"low > min(open, close)",PAP-v4 §3.1 envelope repair
NBLD87,2026-04-24,high,1084.2,1090.0,"high < max(open, close)",PAP-v4 §3.1 envelope repair
NBLD87,2026-04-25,high,1084.2,1090.0,"high < max(open, close)",PAP-v4 §3.1 envelope repair
NBLD87,2026-04-26,high,1084.2,1090.0,"high < max(open, close)",PAP-v4 §3.1 envelope repair
NBLD87,2026-04-27,high,1084.0,1084.2,"high < max(open, close)",PAP-v4 §3.1 envelope repair
NBLD87,2026-06-30,low,1120.0,1086.4,"low > min(open, close)",PAP-v4 §3.1 envelope repair
NBLD87,2026-07-10,high,1152.0,1174.5,"high < max(open, close)",PAP-v4 §3.1 envelope repair
NBLD87,2026-07-14,high,1215.0,1225.0,"high < max(open, close)",PAP-v4 §3.1 envelope repair
NBLD87,2026-08-12,low,1080.0,1074.0,"low > min(open, close)",PAP-v4 §3.1 envelope repair
NCCD86,2024-12-05,low,1166.8,1122.0,"low > min(open, close)",PAP-v4 §3.1 envelope repair
NCCD86,2024-12-06,low,1166.8,1122.0,"low > min(open, close)",PAP-v4 §3.1 envelope repair
NCCD86,2024-12-07,low,1166.8,1122.0,"low > min(open, close)",PAP-v4 §3.1 envelope repair
NCCD86,2025-04-17,high,1141.2,1145.0,"high < max(open, close)",PAP-v4 §3.1 envelope repair
NCCD86,2025-04-18,high,1141.2,1145.0,"high < max(open, close)",PAP-v4 §3.1 envelope repair
NCCD86,2025-04-19,high,1141.2,1145.0,"high < max(open, close)",PAP-v4 §3.1 envelope repair
NCCD86,2025-04-30,low,1145.0,1124.0,"low > min(open, close)",PAP-v4 §3.1 envelope repair
NCCD86,2025-05-01,low,1145.0,1124.0,"low > min(open, close)",PAP-v4 §3.1 envelope repair
NCCD86,2025-05-02,low,1145.0,1124.0,"low > min(open, close)",PAP-v4 §3.1 envelope repair
NCCD86,2025-05-03,low,1145.0,1124.0,"low > min(open, close)",PAP-v4 §3.1 envelope repair
NCCD86,2025-05-05,low,1122.1,1121.0,"low > min(open, close)",PAP-v4 §3.1 envelope repair
NCCD86,2025-05-07,low,1121.0,1107.0,"low > min(open, close)",PAP-v4 §3.1 envelope repair
NCCD86,2025-05-08,high,1129.0,1129.1,"high < max(open, close)",PAP-v4 §3.1 envelope repair
NCCD86,2025-05-09,high,1129.0,1129.1,"high < max(open, close)",PAP-v4 §3.1 envelope repair
NCCD86,2025-05-10,high,1129.0,1129.1,"high < max(open, close)",PAP-v4 §3.1 envelope repair
NCCD86,2025-05-28,low,1118.4,1097.0,"low > min(open, close)",PAP-v4 §3.1 envelope repair
NCCD86,2025-05-29,low,1118.4,1097.0,"low > min(open, close)",PAP-v4 §3.1 envelope repair
NCCD86,2025-05-30,low,1118.4,1097.0,"low > min(open, close)",PAP-v4 §3.1 envelope repair
NCCD86,2025-05-31,low,1118.4,1097.0,"low > min(open, close)",PAP-v4 §3.1 envelope repair
NCCD86,2025-06-01,low,1118.4,1097.0,"low > min(open, close)",PAP-v4 §3.1 envelope repair
NCCD86,2025-06-12,high,1099.0,1099.02,"high < max(open, close)",PAP-v4 §3.1 envelope repair
NCCD86,2025-06-13,high,1099.0,1099.02,"high < max(open, close)",PAP-v4 §3.1 envelope repair
NCCD86,2025-06-14,high,1099.0,1099.02,"high < max(open, close)",PAP-v4 §3.1 envelope repair
NCCD86,2025-11-04,low,1161.0,1138.1,"low > min(open, close)",PAP-v4 §3.1 envelope repair
NCCD86,2026-04-28,high,1125.1,1131.0,"high < max(open, close)",PAP-v4 §3.1 envelope repair
NCCD86,2026-07-15,high,1190.0,1225.5,"high < max(open, close)",PAP-v4 §3.1 envelope repair
NCCD86,2026-07-16,high,1262.2,1299.0,"high < max(open, close)",PAP-v4 §3.1 envelope repair
NCCD86,2026-08-10,low,1198.0,1185.0,"low > min(open, close)",PAP-v4 §3.1 envelope repair
NCCD86,2026-08-12,low,1185.0,1116.0,"low > min(open, close)",PAP-v4 §3.1 envelope repair
NCCD86,2026-08-13,low,1116.0,1065.0,"low > min(open, close)",PAP-v4 §3.1 envelope repair
NESDO,2026-04-28,high,1558.0,1569.9,"high < max(open, close)",PAP-v4 §3.1 envelope repair
NESDO,2026-04-29,high,1540.0,1558.0,"high < max(open, close)",PAP-v4 §3.1 envelope repair
NFS,2026-04-27,low,593.6,591.5,"low > min(open, close)",PAP-v4 §3.1 envelope repair
NIBD2082,2025-03-24,high,1064.2,1065.9,"high < max(open, close)",PAP-v4 §3.1 envelope repair
NIBD2082,2025-03-26,high,1065.9,1087.2,"high < max(open, close)",PAP-v4 §3.1 envelope repair
NIBD2082,2025-04-03,low,1087.2,1080.0,"low > min(open, close)",PAP-v4 §3.1 envelope repair
NIBD2082,2025-04-04,low,1087.2,1080.0,"low > min(open, close)",PAP-v4 §3.1 envelope repair
NIBD2082,2025-04-05,low,1087.2,1080.0,"low > min(open, close)",PAP-v4 §3.1 envelope repair
NIBD2082,2025-04-06,low,1087.2,1080.0,"low > min(open, close)",PAP-v4 §3.1 envelope repair
NIBD2082,2025-04-10,high,1079.5,1119.0,"high < max(open, close)",PAP-v4 §3.1 envelope repair
NIBD2082,2025-04-11,high,1079.5,1119.0,"high < max(open, close)",PAP-v4 §3.1 envelope repair
NIBD2082,2025-04-12,high,1079.5,1119.0,"high < max(open, close)",PAP-v4 §3.1 envelope repair
NIBD2082,2025-04-15,low,1139.0,1120.0,"low > min(open, close)",PAP-v4 §3.1 envelope repair
NIBD2082,2025-04-30,low,1080.0,1079.99,"low > min(open, close)",PAP-v4 §3.1 envelope repair
NIBD2082,2025-05-01,low,1080.0,1079.99,"low > min(open, close)",PAP-v4 §3.1 envelope repair
NIBD2082,2025-05-02,low,1080.0,1079.99,"low > min(open, close)",PAP-v4 §3.1 envelope repair
NIBD2082,2025-05-03,low,1080.0,1079.99,"low > min(open, close)",PAP-v4 §3.1 envelope repair
NIBD2082,2025-05-06,high,1060.6,1063.0,"high < max(open, close)",PAP-v4 §3.1 envelope repair
NIBD2082,2025-05-07,high,1063.0,1064.0,"high < max(open, close)",PAP-v4 §3.1 envelope repair
NIBD2082,2025-05-26,low,1079.0,1065.0,"low > min(open, close)",PAP-v4 §3.1 envelope repair
NIBD2082,2025-05-27,low,1065.0,1062.0,"low > min(open, close)",PAP-v4 §3.1 envelope repair
NIBD2082,2025-05-28,low,1062.0,1061.5,"low > min(open, close)",PAP-v4 §3.1 envelope repair
NIBD2082,2025-05-29,low,1062.0,1061.5,"low > min(open, close)",PAP-v4 §3.1 envelope repair
NIBD2082,2025-05-30,low,1062.0,1061.5,"low > min(open, close)",PAP-v4 §3.1 envelope repair
NIBD2082,2025-05-31,low,1062.0,1061.5,"low > min(open, close)",PAP-v4 §3.1 envelope repair
NIBD2082,2025-06-01,low,1062.0,1061.5,"low > min(open, close)",PAP-v4 §3.1 envelope repair
NIBD2082,2025-06-02,low,1061.5,1060.6,"low > min(open, close)",PAP-v4 §3.1 envelope repair
NIBD2082,2026-01-22,low,1064.8,1043.6,"low > min(open, close)",PAP-v4 §3.1 envelope repair
NIBD2082,2026-01-23,low,1064.8,1043.6,"low > min(open, close)",PAP-v4 §3.1 envelope repair
NIBD2082,2026-01-24,low,1064.8,1043.6,"low > min(open, close)",PAP-v4 §3.1 envelope repair
NIBD84,2025-04-03,high,1022.1,1027.0,"high < max(open, close)",PAP-v4 §3.1 envelope repair
NIBD84,2025-04-04,high,1022.1,1027.0,"high < max(open, close)",PAP-v4 §3.1 envelope repair
NIBD84,2025-04-05,high,1022.1,1027.0,"high < max(open, close)",PAP-v4 §3.1 envelope repair
NIBD84,2025-04-06,high,1022.1,1027.0,"high < max(open, close)",PAP-v4 §3.1 envelope repair
NIBD84,2025-05-13,high,1045.0,1046.0,"high < max(open, close)",PAP-v4 §3.1 envelope repair
NIBD84,2025-05-28,low,1051.0,1036.0,"low > min(open, close)",PAP-v4 §3.1 envelope repair
NIBD84,2025-05-29,low,1051.0,1036.0,"low > min(open, close)",PAP-v4 §3.1 envelope repair
NIBD84,2025-05-30,low,1051.0,1036.0,"low > min(open, close)",PAP-v4 §3.1 envelope repair
NIBD84,2025-05-31,low,1051.0,1036.0,"low > min(open, close)",PAP-v4 §3.1 envelope repair
NIBD84,2025-06-01,low,1051.0,1036.0,"low > min(open, close)",PAP-v4 §3.1 envelope repair
NIBD84,2025-06-10,low,1050.0,1041.0,"low > min(open, close)",PAP-v4 §3.1 envelope repair
NIBD84,2025-06-12,high,1038.1,1052.9,"high < max(open, close)",PAP-v4 §3.1 envelope repair
NIBD84,2025-06-13,high,1038.1,1052.9,"high < max(open, close)",PAP-v4 §3.1 envelope repair
NIBD84,2025-06-14,high,1038.1,1052.9,"high < max(open, close)",PAP-v4 §3.1 envelope repair
NIBD84,2025-06-23,high,1063.0,1072.0,"high < max(open, close)",PAP-v4 §3.1 envelope repair
NIBD84,2025-08-20,low,1039.0,1037.4,"low > min(open, close)",PAP-v4 §3.1 envelope repair
NIBD84,2026-04-29,low,1053.1,1052.1,"low > min(open, close)",PAP-v4 §3.1 envelope repair
NIBLGF,2026-04-27,high,9.35,9.38,"high < max(open, close)",PAP-v4 §3.1 envelope repair
NIBLSTF,2026-04-27,high,9.2,9.25,"high < max(open, close)",PAP-v4 §3.1 envelope repair
NIBSF2,2026-04-24,high,9.27,9.35,"high < max(open, close)",PAP-v4 §3.1 envelope repair
NIBSF2,2026-04-25,high,9.27,9.35,"high < max(open, close)",PAP-v4 §3.1 envelope repair
NIBSF2,2026-04-26,high,9.27,9.35,"high < max(open, close)",PAP-v4 §3.1 envelope repair
NICAD2091,2026-04-23,high,1054.6,1075.9,"high < max(open, close)",PAP-v4 §3.1 envelope repair
NICAD2091,2026-04-28,high,1051.5,1078.9,"high < max(open, close)",PAP-v4 §3.1 envelope repair
NICAD2091,2026-04-29,high,1050.0,1078.9,"high < max(open, close)",PAP-v4 §3.1 envelope repair
NICAD2091,2026-08-19,high,1072.0,1073.6,"high < max(open, close)",PAP-v4 §3.1 envelope repair
NICAD8283,2024-12-19,high,1062.5,1084.1,"high < max(open, close)",PAP-v4 §3.1 envelope repair
NICAD8283,2024-12-20,high,1062.5,1084.1,"high < max(open, close)",PAP-v4 §3.1 envelope repair
NICAD8283,2024-12-21,high,1062.5,1084.1,"high < max(open, close)",PAP-v4 §3.1 envelope repair
NICAD8283,2025-06-03,high,1122.0,1125.0,"high < max(open, close)",PAP-v4 §3.1 envelope repair
NICAD8283,2025-06-16,low,1112.3,1091.1,"low > min(open, close)",PAP-v4 §3.1 envelope repair
NICAD8283,2025-06-17,low,1091.1,1069.4,"low > min(open, close)",PAP-v4 §3.1 envelope repair
NICAD8283,2025-06-18,low,1069.4,1065.1,"low > min(open, close)",PAP-v4 §3.1 envelope repair
NICAD8283,2025-06-22,low,1067.9,1046.6,"low > min(open, close)",PAP-v4 §3.1 envelope repair
NICAD8283,2025-07-02,low,1154.0,1135.0,"low > min(open, close)",PAP-v4 §3.1 envelope repair
NICAD8283,2025-07-03,high,1134.9,1135.76,"high < max(open, close)",PAP-v4 §3.1 envelope repair
NICAD8283,2025-07-04,high,1134.9,1135.76,"high < max(open, close)",PAP-v4 §3.1 envelope repair
NICAD8283,2025-07-05,high,1134.9,1135.76,"high < max(open, close)",PAP-v4 §3.1 envelope repair
NICAD8283,2025-07-08,high,1161.0,1167.0,"high < max(open, close)",PAP-v4 §3.1 envelope repair
NICAD8283,2025-07-09,high,1150.0,1151.38,"high < max(open, close)",PAP-v4 §3.1 envelope repair
NICAD8283,2025-07-14,high,1174.0,1179.0,"high < max(open, close)",PAP-v4 §3.1 envelope repair
NICAD8283,2025-07-23,high,1199.0,1222.9,"high < max(open, close)",PAP-v4 §3.1 envelope repair
NICAD8283,2025-07-24,low,1222.9,1200.0,"low > min(open, close)",PAP-v4 §3.1 envelope repair
NICAD8283,2025-07-25,low,1222.9,1200.0,"low > min(open, close)",PAP-v4 §3.1 envelope repair
NICAD8283,2025-07-26,low,1222.9,1200.0,"low > min(open, close)",PAP-v4 §3.1 envelope repair
NICAD85/86,2024-11-21,low,1085.1,1085.0,"low > min(open, close)",PAP-v4 §3.1 envelope repair
NICAD85/86,2024-11-22,low,1085.1,1085.0,"low > min(open, close)",PAP-v4 §3.1 envelope repair
NICAD85/86,2024-11-23,low,1085.1,1085.0,"low > min(open, close)",PAP-v4 §3.1 envelope repair
NICAD85/86,2025-07-16,high,1082.1,1164.0,"high < max(open, close)",PAP-v4 §3.1 envelope repair
NICAD85/86,2025-08-14,high,1061.2,1080.0,"high < max(open, close)",PAP-v4 §3.1 envelope repair
NICAD85/86,2025-08-15,high,1061.2,1080.0,"high < max(open, close)",PAP-v4 §3.1 envelope repair
NICAD85/86,2025-08-16,high,1061.2,1080.0,"high < max(open, close)",PAP-v4 §3.1 envelope repair
NICAD85/86,2025-09-25,high,1106.0,1130.0,"high < max(open, close)",PAP-v4 §3.1 envelope repair
NICAD85/86,2025-09-26,high,1106.0,1130.0,"high < max(open, close)",PAP-v4 §3.1 envelope repair
NICAD85/86,2025-09-27,high,1106.0,1130.0,"high < max(open, close)",PAP-v4 §3.1 envelope repair
NICAD85/86,2026-01-20,low,1139.8,1117.1,"low > min(open, close)",PAP-v4 §3.1 envelope repair
NICAD85/86,2026-04-27,high,1124.1,1125.0,"high < max(open, close)",PAP-v4 §3.1 envelope repair
NICAD85/86,2026-06-10,high,1195.0,1205.0,"high < max(open, close)",PAP-v4 §3.1 envelope repair
NICAD85/86,2026-06-15,high,1204.0,1217.9,"high < max(open, close)",PAP-v4 §3.1 envelope repair
NICBF,2026-04-24,high,9.47,9.7,"high < max(open, close)",PAP-v4 §3.1 envelope repair
NICBF,2026-04-25,high,9.47,9.7,"high < max(open, close)",PAP-v4 §3.1 envelope repair
NICBF,2026-04-26,high,9.47,9.7,"high < max(open, close)",PAP-v4 §3.1 envelope repair
NICD83/84,2025-03-25,low,1052.0,1051.2,"low > min(open, close)",PAP-v4 §3.1 envelope repair
NICD83/84,2025-03-26,high,1051.2,1052.1,"high < max(open, close)",PAP-v4 §3.1 envelope repair
NICD83/84,2025-04-03,high,1052.1,1058.0,"high < max(open, close)",PAP-v4 §3.1 envelope repair
NICD83/84,2025-04-04,high,1052.1,1058.0,"high < max(open, close)",PAP-v4 §3.1 envelope repair
NICD83/84,2025-04-05,high,1052.1,1058.0,"high < max(open, close)",PAP-v4 §3.1 envelope repair
NICD83/84,2025-04-06,high,1052.1,1058.0,"high < max(open, close)",PAP-v4 §3.1 envelope repair
NICD83/84,2025-04-07,high,1058.0,1079.1,"high < max(open, close)",PAP-v4 §3.1 envelope repair
NICD83/84,2025-05-26,low,1110.0,1087.8,"low > min(open, close)",PAP-v4 §3.1 envelope repair
NICD83/84,2025-05-28,low,1087.8,1074.1,"low > min(open, close)",PAP-v4 §3.1 envelope repair
NICD83/84,2025-05-29,low,1087.8,1074.1,"low > min(open, close)",PAP-v4 §3.1 envelope repair
NICD83/84,2025-05-30,low,1087.8,1074.1,"low > min(open, close)",PAP-v4 §3.1 envelope repair
NICD83/84,2025-05-31,low,1087.8,1074.1,"low > min(open, close)",PAP-v4 §3.1 envelope repair
NICD83/84,2025-06-01,low,1087.8,1074.1,"low > min(open, close)",PAP-v4 §3.1 envelope repair
NICD83/84,2025-11-24,high,1142.0,1146.0,"high < max(open, close)",PAP-v4 §3.1 envelope repair
NICD83/84,2025-12-14,high,1130.0,1149.0,"high < max(open, close)",PAP-v4 §3.1 envelope repair
NICD83/84,2026-01-01,low,1115.0,1100.0,"low > min(open, close)",PAP-v4 §3.1 envelope repair
NICD83/84,2026-01-02,low,1115.0,1100.0,"low > min(open, close)",PAP-v4 §3.1 envelope repair
NICD83/84,2026-01-03,low,1115.0,1100.0,"low > min(open, close)",PAP-v4 §3.1 envelope repair
NICD88,2025-05-07,high,1060.1,1061.1,"high < max(open, close)",PAP-v4 §3.1 envelope repair
NICD88,2025-05-13,high,1051.0,1053.2,"high < max(open, close)",PAP-v4 §3.1 envelope repair
NICD88,2025-05-26,low,1070.0,1061.1,"low > min(open, close)",PAP-v4 §3.1 envelope repair
NICD88,2025-05-28,high,1055.0,1057.1,"high < max(open, close)",PAP-v4 §3.1 envelope repair
NICD88,2025-05-29,high,1055.0,1057.1,"high < max(open, close)",PAP-v4 §3.1 envelope repair
NICD88,2025-05-30,high,1055.0,1057.1,"high < max(open, close)",PAP-v4 §3.1 envelope repair
NICD88,2025-05-31,high,1055.0,1057.1,"high < max(open, close)",PAP-v4 §3.1 envelope repair
NICD88,2025-06-01,high,1055.0,1057.1,"high < max(open, close)",PAP-v4 §3.1 envelope repair
NICD88,2025-11-04,low,1130.0,1108.1,"low > min(open, close)",PAP-v4 §3.1 envelope repair
NICD88,2025-11-23,low,1147.0,1126.0,"low > min(open, close)",PAP-v4 §3.1 envelope repair
NICD88,2025-12-22,high,1093.1,1137.1,"high < max(open, close)",PAP-v4 §3.1 envelope repair
NICD88,2026-04-29,low,1069.0,1068.0,"low > min(open, close)",PAP-v4 §3.1 envelope repair
NICFC,2026-04-24,high,9.29,9.5,"high < max(open, close)",PAP-v4 §3.1 envelope repair
NICFC,2026-04-25,high,9.29,9.5,"high < max(open, close)",PAP-v4 §3.1 envelope repair
NICFC,2026-04-26,high,9.29,9.5,"high < max(open, close)",PAP-v4 §3.1 envelope repair
NICGF2,2026-04-24,high,9.22,9.4,"high < max(open, close)",PAP-v4 §3.1 envelope repair
NICGF2,2026-04-25,high,9.22,9.4,"high < max(open, close)",PAP-v4 §3.1 envelope repair
NICGF2,2026-04-26,high,9.22,9.4,"high < max(open, close)",PAP-v4 §3.1 envelope repair
NICL,2026-04-27,low,485.5,485.4,"low > min(open, close)",PAP-v4 §3.1 envelope repair
NICSF,2026-04-28,high,9.25,9.26,"high < max(open, close)",PAP-v4 §3.1 envelope repair
NIFRAGED,2025-11-04,low,1007.0,1006.0,"low > min(open, close)",PAP-v4 §3.1 envelope repair
NIFRAGED,2025-11-09,high,1006.1,1023.9,"high < max(open, close)",PAP-v4 §3.1 envelope repair
NIFRAGED,2025-11-27,high,1014.2,1033.9,"high < max(open, close)",PAP-v4 §3.1 envelope repair
NIFRAGED,2025-11-28,high,1014.2,1033.9,"high < max(open, close)",PAP-v4 §3.1 envelope repair
NIFRAGED,2025-11-29,high,1014.2,1033.9,"high < max(open, close)",PAP-v4 §3.1 envelope repair
NIFRAGED,2025-11-30,high,1033.9,1137.2,"high < max(open, close)",PAP-v4 §3.1 envelope repair
NIFRAGED,2026-03-29,high,1028.1,1050.0,"high < max(open, close)",PAP-v4 §3.1 envelope repair
NIFRAGED,2026-04-02,high,1030.0,1049.0,"high < max(open, close)",PAP-v4 §3.1 envelope repair
NIFRAGED,2026-04-03,high,1030.0,1049.0,"high < max(open, close)",PAP-v4 §3.1 envelope repair
NIFRAGED,2026-04-04,high,1030.0,1049.0,"high < max(open, close)",PAP-v4 §3.1 envelope repair
NIFRAGED,2026-04-05,high,1029.6,1050.0,"high < max(open, close)",PAP-v4 §3.1 envelope repair
NIFRAGED,2026-04-06,high,1050.0,1067.0,"high < max(open, close)",PAP-v4 §3.1 envelope repair
NIFRAGED,2026-04-28,low,1033.4,1032.0,"low > min(open, close)",PAP-v4 §3.1 envelope repair
NIFRAGED,2026-04-29,high,1027.5,1041.0,"high < max(open, close)",PAP-v4 §3.1 envelope repair
NIFRAGED,2026-05-25,high,1040.1,1064.0,"high < max(open, close)",PAP-v4 §3.1 envelope repair
NIFRAGED,2026-07-09,high,1044.6,1054.9,"high < max(open, close)",PAP-v4 §3.1 envelope repair
NIFRAUR85/86,2025-04-07,high,970.1,989.5,"high < max(open, close)",PAP-v4 §3.1 envelope repair
NIFRAUR85/86,2025-05-05,high,972.5,991.9,"high < max(open, close)",PAP-v4 §3.1 envelope repair
NIFRAUR85/86,2025-11-13,high,1055.0,1058.0,"high < max(open, close)",PAP-v4 §3.1 envelope repair
NIFRAUR85/86,2025-11-14,high,1055.0,1058.0,"high < max(open, close)",PAP-v4 §3.1 envelope repair
NIFRAUR85/86,2025-11-15,high,1055.0,1058.0,"high < max(open, close)",PAP-v4 §3.1 envelope repair
NIFRAUR85/86,2025-12-08,high,1102.0,1124.0,"high < max(open, close)",PAP-v4 §3.1 envelope repair
NIMBD90,2025-03-20,high,1115.2,1116.0,"high < max(open, close)",PAP-v4 §3.1 envelope repair
NIMBD90,2025-03-21,high,1115.2,1116.0,"high < max(open, close)",PAP-v4 §3.1 envelope repair
NIMBD90,2025-03-22,high,1115.2,1116.0,"high < max(open, close)",PAP-v4 §3.1 envelope repair
NIMBD90,2025-03-24,low,1116.0,1115.0,"low > min(open, close)",PAP-v4 §3.1 envelope repair
NIMBD90,2025-04-03,high,1121.0,1122.0,"high < max(open, close)",PAP-v4 §3.1 envelope repair
NIMBD90,2025-04-04,high,1121.0,1122.0,"high < max(open, close)",PAP-v4 §3.1 envelope repair
NIMBD90,2025-04-05,high,1121.0,1122.0,"high < max(open, close)",PAP-v4 §3.1 envelope repair
NIMBD90,2025-04-06,high,1121.0,1122.0,"high < max(open, close)",PAP-v4 §3.1 envelope repair
NIMBD90,2025-04-13,high,1130.0,1131.0,"high < max(open, close)",PAP-v4 §3.1 envelope repair
NIMBD90,2025-04-14,high,1130.0,1131.0,"high < max(open, close)",PAP-v4 §3.1 envelope repair
NIMBD90,2025-04-23,high,1132.0,1133.0,"high < max(open, close)",PAP-v4 §3.1 envelope repair
NIMBD90,2025-08-05,high,1165.0,1185.5,"high < max(open, close)",PAP-v4 §3.1 envelope repair
NIMBD90,2025-11-19,low,1425.0,1396.5,"low > min(open, close)",PAP-v4 §3.1 envelope repair
NIMBD90,2026-01-18,low,1302.0,1276.0,"low > min(open, close)",PAP-v4 §3.1 envelope repair
NIMBD90,2026-01-19,low,1302.0,1276.0,"low > min(open, close)",PAP-v4 §3.1 envelope repair
NIMBD90,2026-01-22,low,1251.0,1227.0,"low > min(open, close)",PAP-v4 §3.1 envelope repair
NIMBD90,2026-01-23,low,1251.0,1227.0,"low > min(open, close)",PAP-v4 §3.1 envelope repair
NIMBD90,2026-01-24,low,1251.0,1227.0,"low > min(open, close)",PAP-v4 §3.1 envelope repair
NIMBD90,2026-01-26,low,1227.1,1227.0,"low > min(open, close)",PAP-v4 §3.1 envelope repair
NIMBD90,2026-03-16,low,1198.0,1189.0,"low > min(open, close)",PAP-v4 §3.1 envelope repair
NIMBD90,2026-06-03,high,1255.0,1260.7,"high < max(open, close)",PAP-v4 §3.1 envelope repair
NIMBPO,2026-04-28,high,155.8,157.9,"high < max(open, close)",PAP-v4 §3.1 envelope repair
NLG,2026-04-24,high,612.0,619.0,"high < max(open, close)",PAP-v4 §3.1 envelope repair
NLG,2026-04-25,high,612.0,619.0,"high < max(open, close)",PAP-v4 §3.1 envelope repair
NLG,2026-04-26,high,612.0,619.0,"high < max(open, close)",PAP-v4 §3.1 envelope repair
NMB50,2026-04-24,low,10.35,10.33,"low > min(open, close)",PAP-v4 §3.1 envelope repair
NMB50,2026-04-25,low,10.35,10.33,"low > min(open, close)",PAP-v4 §3.1 envelope repair
NMB50,2026-04-26,low,10.35,10.33,"low > min(open, close)",PAP-v4 §3.1 envelope repair
NMB50,2026-04-28,high,10.51,10.74,"high < max(open, close)",PAP-v4 §3.1 envelope repair
NMB50,2026-04-29,low,10.79,10.51,"low > min(open, close)",PAP-v4 §3.1 envelope repair
NMBD2085,2025-03-20,high,1077.5,1080.0,"high < max(open, close)",PAP-v4 §3.1 envelope repair
NMBD2085,2025-03-21,high,1077.5,1080.0,"high < max(open, close)",PAP-v4 §3.1 envelope repair
NMBD2085,2025-03-22,high,1077.5,1080.0,"high < max(open, close)",PAP-v4 §3.1 envelope repair
NMBD2085,2025-03-24,high,1076.1,1076.4,"high < max(open, close)",PAP-v4 §3.1 envelope repair
NMBD2085,2025-03-26,high,1076.4,1077.2,"high < max(open, close)",PAP-v4 §3.1 envelope repair
NMBD2085,2025-04-16,high,1100.0,1104.0,"high < max(open, close)",PAP-v4 §3.1 envelope repair
NMBD2085,2025-04-20,high,1104.0,1110.1,"high < max(open, close)",PAP-v4 §3.1 envelope repair
NMBD2085,2025-04-22,high,1110.1,1114.1,"high < max(open, close)",PAP-v4 §3.1 envelope repair
NMBD2085,2025-04-28,high,1114.1,1115.1,"high < max(open, close)",PAP-v4 §3.1 envelope repair
NMBD2085,2025-07-07,high,1112.3,1112.8,"high < max(open, close)",PAP-v4 §3.1 envelope repair
NMBD2085,2025-10-13,high,1107.5,1129.6,"high < max(open, close)",PAP-v4 §3.1 envelope repair
NMBD2085,2026-01-20,low,1165.0,1142.0,"low > min(open, close)",PAP-v4 §3.1 envelope repair
NMBD2085,2026-01-26,low,1142.0,1120.0,"low > min(open, close)",PAP-v4 §3.1 envelope repair
NMBD2085,2026-07-01,high,1135.0,1169.0,"high < max(open, close)",PAP-v4 §3.1 envelope repair
NMBD2085,2026-07-08,high,1164.0,1194.0,"high < max(open, close)",PAP-v4 §3.1 envelope repair
NMBD2085,2026-08-13,low,1150.0,1134.0,"low > min(open, close)",PAP-v4 §3.1 envelope repair
NMBD87/88,2025-04-07,high,1017.8,1038.1,"high < max(open, close)",PAP-v4 §3.1 envelope repair
NMBD87/88,2025-10-14,low,1122.0,1100.1,"low > min(open, close)",PAP-v4 §3.1 envelope repair
NMBD87/88,2025-10-29,low,1120.0,1106.1,"low > min(open, close)",PAP-v4 §3.1 envelope repair
NMBD87/88,2025-11-10,low,1141.0,1119.0,"low > min(open, close)",PAP-v4 §3.1 envelope repair
NMBD87/88,2025-11-11,low,1119.0,1118.0,"low > min(open, close)",PAP-v4 §3.1 envelope repair
NMBD87/88,2026-01-04,low,1196.4,1149.1,"low > min(open, close)",PAP-v4 §3.1 envelope repair
NMBD87/88,2026-04-27,high,1074.0,1103.0,"high < max(open, close)",PAP-v4 §3.1 envelope repair
NMBD87/88,2026-07-15,high,1240.0,1249.0,"high < max(open, close)",PAP-v4 §3.1 envelope repair
NMBD89/90,2024-12-19,high,1112.4,1135.1,"high < max(open, close)",PAP-v4 §3.1 envelope repair
NMBD89/90,2024-12-20,high,1112.4,1135.1,"high < max(open, close)",PAP-v4 §3.1 envelope repair
NMBD89/90,2024-12-21,high,1112.4,1135.1,"high < max(open, close)",PAP-v4 §3.1 envelope repair
NMBD89/90,2025-07-17,high,1230.0,1239.3,"high < max(open, close)",PAP-v4 §3.1 envelope repair
NMBD89/90,2025-07-18,high,1230.0,1239.3,"high < max(open, close)",PAP-v4 §3.1 envelope repair
NMBD89/90,2025-07-19,high,1230.0,1239.3,"high < max(open, close)",PAP-v4 §3.1 envelope repair
NMBD89/90,2025-10-12,low,1196.1,1196.0,"low > min(open, close)",PAP-v4 §3.1 envelope repair
NMBD89/90,2025-11-05,high,1310.7,1336.0,"high < max(open, close)",PAP-v4 §3.1 envelope repair
NMBD89/90,2026-07-16,high,1440.0,1460.0,"high < max(open, close)",PAP-v4 §3.1 envelope repair
NMBMF,2026-04-29,high,646.2,655.0,"high < max(open, close)",PAP-v4 §3.1 envelope repair
NMIC,2026-04-29,high,1061.0,1084.0,"high < max(open, close)",PAP-v4 §3.1 envelope repair
NSIF2,2026-04-29,high,11.0,11.03,"high < max(open, close)",PAP-v4 §3.1 envelope repair
NTC,2026-04-28,low,873.0,871.0,"low > min(open, close)",PAP-v4 §3.1 envelope repair
NWCL,2026-04-29,high,789.0,792.0,"high < max(open, close)",PAP-v4 §3.1 envelope repair
NYADI,2026-04-27,low,397.1,395.6,"low > min(open, close)",PAP-v4 §3.1 envelope repair
OMPL,2026-04-29,high,1175.0,1178.1,"high < max(open, close)",PAP-v4 §3.1 envelope repair
PBD84,2025-03-20,high,1067.1,1070.0,"high < max(open, close)",PAP-v4 §3.1 envelope repair
PBD84,2025-03-21,high,1067.1,1070.0,"high < max(open, close)",PAP-v4 §3.1 envelope repair
PBD84,2025-03-22,high,1067.1,1070.0,"high < max(open, close)",PAP-v4 §3.1 envelope repair
PBD84,2025-04-03,high,1075.0,1076.1,"high < max(open, close)",PAP-v4 §3.1 envelope repair
PBD84,2025-04-04,high,1075.0,1076.1,"high < max(open, close)",PAP-v4 §3.1 envelope repair
PBD84,2025-04-05,high,1075.0,1076.1,"high < max(open, close)",PAP-v4 §3.1 envelope repair
PBD84,2025-04-06,high,1075.0,1076.1,"high < max(open, close)",PAP-v4 §3.1 envelope repair
PBD84,2025-04-07,low,1076.1,1063.5,"low > min(open, close)",PAP-v4 §3.1 envelope repair
PBD84,2025-04-13,high,1066.0,1072.2,"high < max(open, close)",PAP-v4 §3.1 envelope repair
PBD84,2025-04-14,high,1066.0,1072.2,"high < max(open, close)",PAP-v4 §3.1 envelope repair
PBD84,2025-11-16,high,1111.8,1134.0,"high < max(open, close)",PAP-v4 §3.1 envelope repair
PBD84,2026-06-09,low,1072.0,1071.0,"low > min(open, close)",PAP-v4 §3.1 envelope repair
PBD84,2026-07-09,low,1120.0,1115.0,"low > min(open, close)",PAP-v4 §3.1 envelope repair
PBD85,2025-03-20,high,1026.2,1028.1,"high < max(open, close)",PAP-v4 §3.1 envelope repair
PBD85,2025-03-21,high,1026.2,1028.1,"high < max(open, close)",PAP-v4 §3.1 envelope repair
PBD85,2025-03-22,high,1026.2,1028.1,"high < max(open, close)",PAP-v4 §3.1 envelope repair
PBD85,2025-03-24,high,1028.1,1028.9,"high < max(open, close)",PAP-v4 §3.1 envelope repair
PBD85,2025-03-27,high,1035.1,1036.0,"high < max(open, close)",PAP-v4 §3.1 envelope repair
PBD85,2025-03-28,high,1035.1,1036.0,"high < max(open, close)",PAP-v4 §3.1 envelope repair
PBD85,2025-03-29,high,1035.1,1036.0,"high < max(open, close)",PAP-v4 §3.1 envelope repair
PBD85,2025-04-03,high,1032.0,1039.1,"high < max(open, close)",PAP-v4 §3.1 envelope repair
PBD85,2025-04-04,high,1032.0,1039.1,"high < max(open, close)",PAP-v4 §3.1 envelope repair
PBD85,2025-04-05,high,1032.0,1039.1,"high < max(open, close)",PAP-v4 §3.1 envelope repair
PBD85,2025-04-06,high,1032.0,1039.1,"high < max(open, close)",PAP-v4 §3.1 envelope repair
PBD85,2025-04-16,high,1044.3,1061.0,"high < max(open, close)",PAP-v4 §3.1 envelope repair
PBD85,2025-04-28,high,1078.0,1081.1,"high < max(open, close)",PAP-v4 §3.1 envelope repair
PBD85,2025-05-05,high,1070.0,1073.2,"high < max(open, close)",PAP-v4 §3.1 envelope repair
PBD85,2025-10-09,low,1080.0,1064.3,"low > min(open, close)",PAP-v4 §3.1 envelope repair
PBD85,2025-10-10,low,1080.0,1064.3,"low > min(open, close)",PAP-v4 §3.1 envelope repair
PBD85,2025-10-11,low,1080.0,1064.3,"low > min(open, close)",PAP-v4 §3.1 envelope repair
PBD85,2025-10-19,high,1060.1,1081.3,"high < max(open, close)",PAP-v4 §3.1 envelope repair
PBD85,2025-10-20,high,1060.1,1081.3,"high < max(open, close)",PAP-v4 §3.1 envelope repair
PBD85,2025-10-21,high,1060.1,1081.3,"high < max(open, close)",PAP-v4 §3.1 envelope repair
PBD85,2025-10-22,high,1060.1,1081.3,"high < max(open, close)",PAP-v4 §3.1 envelope repair
PBD85,2025-10-23,high,1060.1,1081.3,"high < max(open, close)",PAP-v4 §3.1 envelope repair
PBD85,2025-10-24,high,1060.1,1081.3,"high < max(open, close)",PAP-v4 §3.1 envelope repair
PBD85,2025-10-25,high,1060.1,1081.3,"high < max(open, close)",PAP-v4 §3.1 envelope repair
PBD85,2026-02-25,low,1071.1,1071.0,"low > min(open, close)",PAP-v4 §3.1 envelope repair
PBD85,2026-04-29,low,1100.0,1085.9,"low > min(open, close)",PAP-v4 §3.1 envelope repair
PBD85,2026-06-26,low,1077.2,1077.0,"low > min(open, close)",PAP-v4 §3.1 envelope repair
PBD85,2026-06-27,low,1077.2,1077.0,"low > min(open, close)",PAP-v4 §3.1 envelope repair
PBD85,2026-06-28,low,1077.2,1077.0,"low > min(open, close)",PAP-v4 §3.1 envelope repair
PBD88,2024-12-19,low,1138.3,1116.0,"low > min(open, close)",PAP-v4 §3.1 envelope repair
PBD88,2024-12-20,low,1138.3,1116.0,"low > min(open, close)",PAP-v4 §3.1 envelope repair
PBD88,2024-12-21,low,1138.3,1116.0,"low > min(open, close)",PAP-v4 §3.1 envelope repair
PBD88,2025-03-05,high,1127.0,1142.4,"high < max(open, close)",PAP-v4 §3.1 envelope repair
PBD88,2025-07-02,high,1180.0,1192.0,"high < max(open, close)",PAP-v4 §3.1 envelope repair
PBD88,2025-07-07,high,1170.0,1193.0,"high < max(open, close)",PAP-v4 §3.1 envelope repair
PBD88,2025-07-13,high,1192.0,1195.0,"high < max(open, close)",PAP-v4 §3.1 envelope repair
PBD88,2025-08-28,low,1112.0,1111.0,"low > min(open, close)",PAP-v4 §3.1 envelope repair
PBD88,2025-08-29,low,1112.0,1111.0,"low > min(open, close)",PAP-v4 §3.1 envelope repair
PBD88,2025-08-30,low,1112.0,1111.0,"low > min(open, close)",PAP-v4 §3.1 envelope repair
PBD88,2025-11-10,high,1195.0,1218.9,"high < max(open, close)",PAP-v4 §3.1 envelope repair
PBD88,2026-01-29,high,1160.0,1183.2,"high < max(open, close)",PAP-v4 §3.1 envelope repair
PBD88,2026-01-30,high,1160.0,1183.2,"high < max(open, close)",PAP-v4 §3.1 envelope repair
PBD88,2026-01-31,high,1160.0,1183.2,"high < max(open, close)",PAP-v4 §3.1 envelope repair
PBD88,2026-02-01,high,1183.2,1206.8,"high < max(open, close)",PAP-v4 §3.1 envelope repair
PBD88,2026-02-23,high,1190.0,1213.8,"high < max(open, close)",PAP-v4 §3.1 envelope repair
PBD88,2026-05-14,high,1217.2,1250.0,"high < max(open, close)",PAP-v4 §3.1 envelope repair
PBD88,2026-06-18,high,1179.3,1201.0,"high < max(open, close)",PAP-v4 §3.1 envelope repair
PBD88,2026-07-01,high,1255.0,1256.5,"high < max(open, close)",PAP-v4 §3.1 envelope repair
PBD88,2026-07-09,high,1241.0,1278.0,"high < max(open, close)",PAP-v4 §3.1 envelope repair
PBD88,2026-07-13,high,1242.0,1270.0,"high < max(open, close)",PAP-v4 §3.1 envelope repair
PBD88,2026-07-14,high,1284.0,1285.0,"high < max(open, close)",PAP-v4 §3.1 envelope repair
PBD88,2026-07-31,low,1156.1,1156.0,"low > min(open, close)",PAP-v4 §3.1 envelope repair
PBLD84,2025-04-03,high,1086.0,1086.9,"high < max(open, close)",PAP-v4 §3.1 envelope repair
PBLD84,2025-04-04,high,1086.0,1086.9,"high < max(open, close)",PAP-v4 §3.1 envelope repair
PBLD84,2025-04-05,high,1086.0,1086.9,"high < max(open, close)",PAP-v4 §3.1 envelope repair
PBLD84,2025-04-06,high,1086.0,1086.9,"high < max(open, close)",PAP-v4 §3.1 envelope repair
PBLD84,2025-04-10,high,1100.0,1121.0,"high < max(open, close)",PAP-v4 §3.1 envelope repair
PBLD84,2025-04-11,high,1100.0,1121.0,"high < max(open, close)",PAP-v4 §3.1 envelope repair
PBLD84,2025-04-12,high,1100.0,1121.0,"high < max(open, close)",PAP-v4 §3.1 envelope repair
PBLD84,2025-04-27,low,1092.7,1092.6,"low > min(open, close)",PAP-v4 §3.1 envelope repair
PBLD84,2025-05-08,low,1115.0,1100.0,"low > min(open, close)",PAP-v4 §3.1 envelope repair
PBLD84,2025-05-09,low,1115.0,1100.0,"low > min(open, close)",PAP-v4 §3.1 envelope repair
PBLD84,2025-05-10,low,1115.0,1100.0,"low > min(open, close)",PAP-v4 §3.1 envelope repair
PBLD84,2025-05-26,low,1100.0,1090.0,"low > min(open, close)",PAP-v4 §3.1 envelope repair
PBLD84,2025-06-10,high,1099.5,1121.3,"high < max(open, close)",PAP-v4 §3.1 envelope repair
PBLD84,2025-07-14,low,1144.0,1142.9,"low > min(open, close)",PAP-v4 §3.1 envelope repair
PBLD84,2025-08-11,low,1062.1,1062.0,"low > min(open, close)",PAP-v4 §3.1 envelope repair
PBLD84,2026-04-24,low,1110.0,1092.1,"low > min(open, close)",PAP-v4 §3.1 envelope repair
PBLD84,2026-04-25,low,1110.0,1092.1,"low > min(open, close)",PAP-v4 §3.1 envelope repair
PBLD84,2026-04-26,low,1110.0,1092.1,"low > min(open, close)",PAP-v4 §3.1 envelope repair
PBLD84,2026-04-28,low,1092.1,1088.1,"low > min(open, close)",PAP-v4 §3.1 envelope repair
PBLD84,2026-06-05,low,1085.1,1076.0,"low > min(open, close)",PAP-v4 §3.1 envelope repair
PBLD84,2026-06-06,low,1085.1,1076.0,"low > min(open, close)",PAP-v4 §3.1 envelope repair
PBLD84,2026-06-07,low,1085.1,1076.0,"low > min(open, close)",PAP-v4 §3.1 envelope repair
PBLD84,2026-06-18,high,1103.9,1154.0,"high < max(open, close)",PAP-v4 §3.1 envelope repair
PBLD84,2026-06-26,high,1070.1,1075.1,"high < max(open, close)",PAP-v4 §3.1 envelope repair
PBLD84,2026-06-27,high,1070.1,1075.1,"high < max(open, close)",PAP-v4 §3.1 envelope repair
PBLD84,2026-06-28,high,1070.1,1075.1,"high < max(open, close)",PAP-v4 §3.1 envelope repair
PBLD84,2026-07-27,low,1147.9,1119.9,"low > min(open, close)",PAP-v4 §3.1 envelope repair
PBLD86,2025-03-20,high,1156.0,1158.0,"high < max(open, close)",PAP-v4 §3.1 envelope repair
PBLD86,2025-03-21,high,1156.0,1158.0,"high < max(open, close)",PAP-v4 §3.1 envelope repair
PBLD86,2025-03-22,high,1156.0,1158.0,"high < max(open, close)",PAP-v4 §3.1 envelope repair
PBLD86,2025-08-26,high,1141.5,1148.0,"high < max(open, close)",PAP-v4 §3.1 envelope repair
PBLD86,2025-10-29,low,1189.0,1167.0,"low > min(open, close)",PAP-v4 §3.1 envelope repair
PBLD86,2025-11-02,low,1167.0,1121.0,"low > min(open, close)",PAP-v4 §3.1 envelope repair
PBLD86,2026-05-21,high,1211.0,1240.0,"high < max(open, close)",PAP-v4 §3.1 envelope repair
PBLD86,2026-07-14,high,1253.0,1289.0,"high < max(open, close)",PAP-v4 §3.1 envelope repair
PBLD86,2026-07-15,high,1305.0,1328.0,"high < max(open, close)",PAP-v4 §3.1 envelope repair
PBLD86,2026-07-16,high,1362.8,1470.0,"high < max(open, close)",PAP-v4 §3.1 envelope repair
PBLD86,2026-08-12,low,1383.2,1263.0,"low > min(open, close)",PAP-v4 §3.1 envelope repair
PBLD86,2026-08-13,low,1263.0,1131.0,"low > min(open, close)",PAP-v4 §3.1 envelope repair
PBLD86,2026-08-14,low,1131.0,1102.0,"low > min(open, close)",PAP-v4 §3.1 envelope repair
PBLD86,2026-08-21,high,1102.0,1103.0,"high < max(open, close)",PAP-v4 §3.1 envelope repair
PBLD87,2025-03-30,low,1026.2,1026.1,"low > min(open, close)",PAP-v4 §3.1 envelope repair
PBLD87,2025-03-31,low,1026.2,1026.1,"low > min(open, close)",PAP-v4 §3.1 envelope repair
PBLD87,2025-05-08,low,1062.0,1050.1,"low > min(open, close)",PAP-v4 §3.1 envelope repair
PBLD87,2025-05-09,low,1062.0,1050.1,"low > min(open, close)",PAP-v4 §3.1 envelope repair
PBLD87,2025-05-10,low,1062.0,1050.1,"low > min(open, close)",PAP-v4 §3.1 envelope repair
PBLD87,2025-10-30,high,1100.0,1110.0,"high < max(open, close)",PAP-v4 §3.1 envelope repair
PBLD87,2025-10-31,high,1100.0,1110.0,"high < max(open, close)",PAP-v4 §3.1 envelope repair
PBLD87,2025-11-01,high,1100.0,1110.0,"high < max(open, close)",PAP-v4 §3.1 envelope repair
PBLD87,2026-02-25,low,1119.0,1112.0,"low > min(open, close)",PAP-v4 §3.1 envelope repair
PBLD87,2026-03-17,high,1112.0,1113.7,"high < max(open, close)",PAP-v4 §3.1 envelope repair
PBLD87,2026-03-18,high,1112.0,1113.7,"high < max(open, close)",PAP-v4 §3.1 envelope repair
PBLD87,2026-03-26,low,1113.0,1100.2,"low > min(open, close)",PAP-v4 §3.1 envelope repair
PBLD87,2026-03-27,low,1113.0,1100.2,"low > min(open, close)",PAP-v4 §3.1 envelope repair
PBLD87,2026-03-28,low,1113.0,1100.2,"low > min(open, close)",PAP-v4 §3.1 envelope repair
PBLD87,2026-04-24,high,1080.0,1080.6,"high < max(open, close)",PAP-v4 §3.1 envelope repair
PBLD87,2026-04-25,high,1080.0,1080.6,"high < max(open, close)",PAP-v4 §3.1 envelope repair
PBLD87,2026-04-26,high,1080.0,1080.6,"high < max(open, close)",PAP-v4 §3.1 envelope repair
PBLD87,2026-04-28,low,1080.1,1080.0,"low > min(open, close)",PAP-v4 §3.1 envelope repair
PBLD87,2026-05-04,high,1060.0,1075.1,"high < max(open, close)",PAP-v4 §3.1 envelope repair
PBLD87,2026-05-06,high,1075.1,1107.0,"high < max(open, close)",PAP-v4 §3.1 envelope repair
PCBLP,2026-04-29,low,103.0,100.0,"low > min(open, close)",PAP-v4 §3.1 envelope repair
PFL,2026-04-27,low,382.0,381.2,"low > min(open, close)",PAP-v4 §3.1 envelope repair
PFL,2026-04-29,high,380.0,380.8,"high < max(open, close)",PAP-v4 §3.1 envelope repair
PHCL,2026-04-29,high,304.9,305.0,"high < max(open, close)",PAP-v4 §3.1 envelope repair
PMHPL,2026-04-29,high,342.0,343.0,"high < max(open, close)",PAP-v4 §3.1 envelope repair
PMLI,2026-04-29,high,468.0,469.0,"high < max(open, close)",PAP-v4 §3.1 envelope repair
PMLIP,2026-02-25,high,270.0,270.01,"high < max(open, close)",PAP-v4 §3.1 envelope repair
PURE,2026-04-27,low,923.2,917.0,"low > min(open, close)",PAP-v4 §3.1 envelope repair
PURE,2026-04-29,high,929.0,939.0,"high < max(open, close)",PAP-v4 §3.1 envelope repair
RADHI,2026-04-29,high,775.0,780.0,"high < max(open, close)",PAP-v4 §3.1 envelope repair
RAWA,2026-04-27,high,645.0,648.7,"high < max(open, close)",PAP-v4 §3.1 envelope repair
RAWA,2026-04-29,high,610.0,615.0,"high < max(open, close)",PAP-v4 §3.1 envelope repair
RBBD2088,2025-12-29,low,1080.0,1075.1,"low > min(open, close)",PAP-v4 §3.1 envelope repair
RBBD2088,2025-12-30,low,1080.0,1075.1,"low > min(open, close)",PAP-v4 §3.1 envelope repair
RBBD2088,2026-04-24,low,1057.1,1057.0,"low > min(open, close)",PAP-v4 §3.1 envelope repair
RBBD2088,2026-04-25,low,1057.1,1057.0,"low > min(open, close)",PAP-v4 §3.1 envelope repair
RBBD2088,2026-04-26,low,1057.1,1057.0,"low > min(open, close)",PAP-v4 §3.1 envelope repair
RBBD2088,2026-04-27,low,1080.0,1057.1,"low > min(open, close)",PAP-v4 §3.1 envelope repair
RBBD2088,2026-04-29,low,1078.0,1056.0,"low > min(open, close)",PAP-v4 §3.1 envelope repair
RBBD2088,2026-05-05,high,1070.0,1123.5,"high < max(open, close)",PAP-v4 §3.1 envelope repair
RBBD2088,2026-05-07,low,1123.5,1058.0,"low > min(open, close)",PAP-v4 §3.1 envelope repair
RBBD2088,2026-07-08,low,1062.0,1061.0,"low > min(open, close)",PAP-v4 §3.1 envelope repair
RBBD83,2025-03-24,low,1021.0,1020.7,"low > min(open, close)",PAP-v4 §3.1 envelope repair
RBBD83,2025-04-20,high,1032.0,1037.0,"high < max(open, close)",PAP-v4 §3.1 envelope repair
RBBD83,2025-04-30,low,1065.4,1060.1,"low > min(open, close)",PAP-v4 §3.1 envelope repair
RBBD83,2025-05-01,low,1065.4,1060.1,"low > min(open, close)",PAP-v4 §3.1 envelope repair
RBBD83,2025-05-02,low,1065.4,1060.1,"low > min(open, close)",PAP-v4 §3.1 envelope repair
RBBD83,2025-05-03,low,1065.4,1060.1,"low > min(open, close)",PAP-v4 §3.1 envelope repair
RBBD83,2025-05-26,low,1050.0,1042.1,"low > min(open, close)",PAP-v4 §3.1 envelope repair
RBBD83,2025-12-07,high,1055.1,1056.0,"high < max(open, close)",PAP-v4 §3.1 envelope repair
RBBD83,2026-02-25,low,1050.0,1032.1,"low > min(open, close)",PAP-v4 §3.1 envelope repair
RBBD83,2026-05-20,high,1040.0,1071.2,"high < max(open, close)",PAP-v4 §3.1 envelope repair
RBBD83,2026-06-23,high,1041.1,1042.1,"high < max(open, close)",PAP-v4 §3.1 envelope repair
RBCL,2026-04-29,high,15055.0,15250.0,"high < max(open, close)",PAP-v4 §3.1 envelope repair
RBCLPO,2026-04-24,high,11902.0,12268.0,"high < max(open, close)",PAP-v4 §3.1 envelope repair
RBCLPO,2026-04-25,high,11902.0,12268.0,"high < max(open, close)",PAP-v4 §3.1 envelope repair
RBCLPO,2026-04-26,high,11902.0,12268.0,"high < max(open, close)",PAP-v4 §3.1 envelope repair
RMF2,2026-04-29,high,10.0,10.2,"high < max(open, close)",PAP-v4 §3.1 envelope repair
RNLI,2026-04-28,high,465.0,469.0,"high < max(open, close)",PAP-v4 §3.1 envelope repair
RURU,2026-04-24,high,660.0,661.2,"high < max(open, close)",PAP-v4 §3.1 envelope repair
RURU,2026-04-25,high,660.0,661.2,"high < max(open, close)",PAP-v4 §3.1 envelope repair
RURU,2026-04-26,high,660.0,661.2,"high < max(open, close)",PAP-v4 §3.1 envelope repair
RURU,2026-04-29,high,660.0,665.0,"high < max(open, close)",PAP-v4 §3.1 envelope repair
SABBL,2026-04-29,high,1410.0,1429.0,"high < max(open, close)",PAP-v4 §3.1 envelope repair
SAGAR,2026-04-29,high,1777.0,1780.0,"high < max(open, close)",PAP-v4 §3.1 envelope repair
SAGF,2026-04-24,low,10.12,10.11,"low > min(open, close)",PAP-v4 §3.1 envelope repair
SAGF,2026-04-25,low,10.12,10.11,"low > min(open, close)",PAP-v4 §3.1 envelope repair
SAGF,2026-04-26,low,10.12,10.11,"low > min(open, close)",PAP-v4 §3.1 envelope repair
SAHAS,2026-04-28,low,615.0,614.7,"low > min(open, close)",PAP-v4 §3.1 envelope repair
SAND2085,2025-07-09,high,1176.9,1182.0,"high < max(open, close)",PAP-v4 §3.1 envelope repair
SAND2085,2026-05-15,low,1124.9,1124.1,"low > min(open, close)",PAP-v4 §3.1 envelope repair
SAND2085,2026-05-16,low,1124.9,1124.1,"low > min(open, close)",PAP-v4 §3.1 envelope repair
SAND2085,2026-05-17,low,1124.9,1124.1,"low > min(open, close)",PAP-v4 §3.1 envelope repair
SAND2085,2026-05-25,high,1124.0,1124.3,"high < max(open, close)",PAP-v4 §3.1 envelope repair
SAND2085,2026-06-12,high,1133.0,1165.9,"high < max(open, close)",PAP-v4 §3.1 envelope repair
SAND2085,2026-06-13,high,1133.0,1165.9,"high < max(open, close)",PAP-v4 §3.1 envelope repair
SAND2085,2026-06-14,high,1133.0,1165.9,"high < max(open, close)",PAP-v4 §3.1 envelope repair
SAND2085,2026-07-01,high,1188.0,1189.0,"high < max(open, close)",PAP-v4 §3.1 envelope repair
SAND2085,2026-07-02,high,1189.0,1190.0,"high < max(open, close)",PAP-v4 §3.1 envelope repair
SAND2085,2026-07-15,high,1225.0,1245.0,"high < max(open, close)",PAP-v4 §3.1 envelope repair
SANVI,2026-04-28,high,710.0,712.8,"high < max(open, close)",PAP-v4 §3.1 envelope repair
SARBTM,2026-04-27,low,843.0,841.0,"low > min(open, close)",PAP-v4 §3.1 envelope repair
SBCF,2026-04-24,high,9.65,9.88,"high < max(open, close)",PAP-v4 §3.1 envelope repair
SBCF,2026-04-25,high,9.65,9.88,"high < max(open, close)",PAP-v4 §3.1 envelope repair
SBCF,2026-04-26,high,9.65,9.88,"high < max(open, close)",PAP-v4 §3.1 envelope repair
SBD87,2025-04-03,high,1037.0,1043.0,"high < max(open, close)",PAP-v4 §3.1 envelope repair
SBD87,2025-04-04,high,1037.0,1043.0,"high < max(open, close)",PAP-v4 §3.1 envelope repair
SBD87,2025-04-05,high,1037.0,1043.0,"high < max(open, close)",PAP-v4 §3.1 envelope repair
SBD87,2025-04-06,high,1037.0,1043.0,"high < max(open, close)",PAP-v4 §3.1 envelope repair
SBD87,2025-04-10,high,1043.0,1045.0,"high < max(open, close)",PAP-v4 §3.1 envelope repair
SBD87,2025-04-11,high,1043.0,1045.0,"high < max(open, close)",PAP-v4 §3.1 envelope repair
SBD87,2025-04-12,high,1043.0,1045.0,"high < max(open, close)",PAP-v4 §3.1 envelope repair
SBD87,2025-04-13,high,1045.0,1046.0,"high < max(open, close)",PAP-v4 §3.1 envelope repair
SBD87,2025-04-14,high,1045.0,1046.0,"high < max(open, close)",PAP-v4 §3.1 envelope repair
SBD87,2025-04-20,high,1050.0,1055.1,"high < max(open, close)",PAP-v4 §3.1 envelope repair
SBD87,2025-04-22,high,1034.7,1050.38,"high < max(open, close)",PAP-v4 §3.1 envelope repair
SBD87,2025-09-07,low,1090.0,1070.1,"low > min(open, close)",PAP-v4 §3.1 envelope repair
SBD87,2025-11-18,high,1096.0,1096.5,"high < max(open, close)",PAP-v4 §3.1 envelope repair
SBD87,2025-11-20,low,1096.5,1085.1,"low > min(open, close)",PAP-v4 §3.1 envelope repair
SBD87,2025-11-21,low,1096.5,1085.1,"low > min(open, close)",PAP-v4 §3.1 envelope repair
SBD87,2025-11-22,low,1096.5,1085.1,"low > min(open, close)",PAP-v4 §3.1 envelope repair
SBD87,2025-11-26,low,1106.8,1094.1,"low > min(open, close)",PAP-v4 §3.1 envelope repair
SBD87,2025-12-18,high,1101.0,1111.1,"high < max(open, close)",PAP-v4 §3.1 envelope repair
SBD87,2025-12-19,high,1101.0,1111.1,"high < max(open, close)",PAP-v4 §3.1 envelope repair
SBD87,2025-12-20,high,1101.0,1111.1,"high < max(open, close)",PAP-v4 §3.1 envelope repair
SBD87,2026-01-12,low,1111.0,1108.0,"low > min(open, close)",PAP-v4 §3.1 envelope repair
SBD87,2026-01-20,low,1090.0,1076.1,"low > min(open, close)",PAP-v4 §3.1 envelope repair
SBD87,2026-03-23,low,1117.0,1095.0,"low > min(open, close)",PAP-v4 §3.1 envelope repair
SBD87,2026-04-24,high,1090.1,1100.0,"high < max(open, close)",PAP-v4 §3.1 envelope repair
SBD87,2026-04-25,high,1090.1,1100.0,"high < max(open, close)",PAP-v4 §3.1 envelope repair
SBD87,2026-04-26,high,1090.1,1100.0,"high < max(open, close)",PAP-v4 §3.1 envelope repair
SBD87,2026-04-27,high,1082.0,1090.1,"high < max(open, close)",PAP-v4 §3.1 envelope repair
SBD87,2026-04-28,low,1085.0,1082.0,"low > min(open, close)",PAP-v4 §3.1 envelope repair
SBD87,2026-07-08,high,1097.2,1116.0,"high < max(open, close)",PAP-v4 §3.1 envelope repair
SBD89,2025-03-20,high,1113.6,1113.9,"high < max(open, close)",PAP-v4 §3.1 envelope repair
SBD89,2025-03-21,high,1113.6,1113.9,"high < max(open, close)",PAP-v4 §3.1 envelope repair
SBD89,2025-03-22,high,1113.6,1113.9,"high < max(open, close)",PAP-v4 §3.1 envelope repair
SBD89,2025-03-24,low,1113.9,1112.6,"low > min(open, close)",PAP-v4 §3.1 envelope repair
SBD89,2025-03-30,high,1117.0,1138.5,"high < max(open, close)",PAP-v4 §3.1 envelope repair
SBD89,2025-03-31,high,1117.0,1138.5,"high < max(open, close)",PAP-v4 §3.1 envelope repair
SBD89,2025-04-01,high,1138.5,1161.2,"high < max(open, close)",PAP-v4 §3.1 envelope repair
SBD89,2025-04-03,high,1161.2,1184.4,"high < max(open, close)",PAP-v4 §3.1 envelope repair
SBD89,2025-04-04,high,1161.2,1184.4,"high < max(open, close)",PAP-v4 §3.1 envelope repair
SBD89,2025-04-05,high,1161.2,1184.4,"high < max(open, close)",PAP-v4 §3.1 envelope repair
SBD89,2025-04-06,high,1161.2,1184.4,"high < max(open, close)",PAP-v4 §3.1 envelope repair
SBD89,2025-06-23,high,1140.0,1155.0,"high < max(open, close)",PAP-v4 §3.1 envelope repair
SBD89,2025-09-08,low,1135.2,1135.1,"low > min(open, close)",PAP-v4 §3.1 envelope repair
SBD89,2025-09-09,low,1135.2,1135.1,"low > min(open, close)",PAP-v4 §3.1 envelope repair
SBD89,2025-09-10,low,1135.2,1135.1,"low > min(open, close)",PAP-v4 §3.1 envelope repair
SBD89,2025-09-11,low,1135.2,1135.1,"low > min(open, close)",PAP-v4 §3.1 envelope repair
SBD89,2025-09-12,low,1135.2,1135.1,"low > min(open, close)",PAP-v4 §3.1 envelope repair
SBD89,2025-09-13,low,1135.2,1135.1,"low > min(open, close)",PAP-v4 §3.1 envelope repair
SBD89,2025-09-14,low,1135.2,1135.1,"low > min(open, close)",PAP-v4 §3.1 envelope repair
SBD89,2025-09-15,low,1135.2,1135.1,"low > min(open, close)",PAP-v4 §3.1 envelope repair
SBD89,2025-09-16,low,1135.2,1135.1,"low > min(open, close)",PAP-v4 §3.1 envelope repair
SBD89,2025-09-17,low,1135.2,1135.1,"low > min(open, close)",PAP-v4 §3.1 envelope repair
SBD89,2025-11-25,high,1221.0,1245.4,"high < max(open, close)",PAP-v4 §3.1 envelope repair
SBD89,2026-04-28,low,1299.0,1279.5,"low > min(open, close)",PAP-v4 §3.1 envelope repair
SBD89,2026-06-10,low,1201.0,1200.0,"low > min(open, close)",PAP-v4 §3.1 envelope repair
SBIBD86,2025-04-02,low,1110.4,1100.6,"low > min(open, close)",PAP-v4 §3.1 envelope repair
SBIBD86,2025-04-20,high,1102.3,1112.0,"high < max(open, close)",PAP-v4 §3.1 envelope repair
SBIBD86,2025-05-28,high,1106.6,1117.0,"high < max(open, close)",PAP-v4 §3.1 envelope repair
SBIBD86,2025-05-29,high,1106.6,1117.0,"high < max(open, close)",PAP-v4 §3.1 envelope repair
SBIBD86,2025-05-30,high,1106.6,1117.0,"high < max(open, close)",PAP-v4 §3.1 envelope repair
SBIBD86,2025-05-31,high,1106.6,1117.0,"high < max(open, close)",PAP-v4 §3.1 envelope repair
SBIBD86,2025-06-01,high,1106.6,1117.0,"high < max(open, close)",PAP-v4 §3.1 envelope repair
SBIBD86,2025-08-07,low,1081.2,1081.0,"low > min(open, close)",PAP-v4 §3.1 envelope repair
SBIBD86,2025-08-08,low,1081.2,1081.0,"low > min(open, close)",PAP-v4 §3.1 envelope repair
SBIBD86,2025-08-09,low,1081.2,1081.0,"low > min(open, close)",PAP-v4 §3.1 envelope repair
SBIBD86,2025-08-10,low,1081.2,1081.0,"low > min(open, close)",PAP-v4 §3.1 envelope repair
SBIBD86,2025-08-20,high,1071.0,1092.4,"high < max(open, close)",PAP-v4 §3.1 envelope repair
SBID2090,2025-12-17,high,1088.0,1089.9,"high < max(open, close)",PAP-v4 §3.1 envelope repair
SBID2090,2026-02-04,high,1047.0,1067.9,"high < max(open, close)",PAP-v4 §3.1 envelope repair
SBID2090,2026-04-28,high,1047.0,1075.0,"high < max(open, close)",PAP-v4 §3.1 envelope repair
SBID2090,2026-04-28,low,1047.0,1046.1,"low > min(open, close)",PAP-v4 §3.1 envelope repair
SBID2090,2026-04-29,high,1065.0,1075.0,"high < max(open, close)",PAP-v4 §3.1 envelope repair
SBID2090,2026-06-05,high,1118.0,1151.5,"high < max(open, close)",PAP-v4 §3.1 envelope repair
SBID2090,2026-06-06,high,1118.0,1151.5,"high < max(open, close)",PAP-v4 §3.1 envelope repair
SBID2090,2026-06-07,high,1118.0,1151.5,"high < max(open, close)",PAP-v4 §3.1 envelope repair
SBID2090,2026-06-11,low,1180.0,1121.0,"low > min(open, close)",PAP-v4 §3.1 envelope repair
SBID2090,2026-06-16,high,1070.0,1102.1,"high < max(open, close)",PAP-v4 §3.1 envelope repair
SBID2090,2026-06-17,high,1100.0,1166.0,"high < max(open, close)",PAP-v4 §3.1 envelope repair
SBID2090,2026-06-30,low,1101.0,1068.0,"low > min(open, close)",PAP-v4 §3.1 envelope repair
SBID2090,2026-07-01,high,1100.0,1128.7,"high < max(open, close)",PAP-v4 §3.1 envelope repair
SBID2090,2026-07-02,high,1128.7,1162.4,"high < max(open, close)",PAP-v4 §3.1 envelope repair
SBID83,2025-03-20,high,1061.0,1071.36,"high < max(open, close)",PAP-v4 §3.1 envelope repair
SBID83,2025-03-21,high,1061.0,1071.36,"high < max(open, close)",PAP-v4 §3.1 envelope repair
SBID83,2025-03-22,high,1061.0,1071.36,"high < max(open, close)",PAP-v4 §3.1 envelope repair
SBID83,2025-03-24,high,1056.2,1063.2,"high < max(open, close)",PAP-v4 §3.1 envelope repair
SBID83,2025-05-07,high,1086.0,1086.6,"high < max(open, close)",PAP-v4 §3.1 envelope repair
SBID83,2025-07-29,high,1062.0,1075.0,"high < max(open, close)",PAP-v4 §3.1 envelope repair
SBID83,2025-08-05,high,1063.44,1079.9,"high < max(open, close)",PAP-v4 §3.1 envelope repair
SBID83,2025-08-06,high,1070.0,1082.0,"high < max(open, close)",PAP-v4 §3.1 envelope repair
SBID83,2025-08-12,high,1056.0,1076.9,"high < max(open, close)",PAP-v4 §3.1 envelope repair
SBID83,2025-09-01,high,1080.0,1095.0,"high < max(open, close)",PAP-v4 §3.1 envelope repair
SBID83,2025-12-09,low,1112.0,1110.0,"low > min(open, close)",PAP-v4 §3.1 envelope repair
SBID83,2026-04-27,high,1066.8,1075.0,"high < max(open, close)",PAP-v4 §3.1 envelope repair
SBID83,2026-04-28,low,1080.0,1066.7,"low > min(open, close)",PAP-v4 §3.1 envelope repair
SBID83,2026-04-29,high,1075.0,1080.0,"high < max(open, close)",PAP-v4 §3.1 envelope repair
SBID83,2026-06-11,low,1060.1,1060.0,"low > min(open, close)",PAP-v4 §3.1 envelope repair
SBID83,2026-06-12,low,1062.5,1062.0,"low > min(open, close)",PAP-v4 §3.1 envelope repair
SBID83,2026-06-13,low,1062.5,1062.0,"low > min(open, close)",PAP-v4 §3.1 envelope repair
SBID83,2026-06-14,low,1062.5,1062.0,"low > min(open, close)",PAP-v4 §3.1 envelope repair
SBID83,2026-08-04,low,1055.0,1040.0,"low > min(open, close)",PAP-v4 §3.1 envelope repair
SBID89,2025-03-26,high,1048.6,1054.1,"high < max(open, close)",PAP-v4 §3.1 envelope repair
SBID89,2025-04-29,low,1120.0,1115.0,"low > min(open, close)",PAP-v4 §3.1 envelope repair
SBID89,2025-05-05,high,1098.0,1099.1,"high < max(open, close)",PAP-v4 §3.1 envelope repair
SBID89,2025-05-07,high,1099.1,1105.0,"high < max(open, close)",PAP-v4 §3.1 envelope repair
SBID89,2025-05-28,low,1121.0,1105.0,"low > min(open, close)",PAP-v4 §3.1 envelope repair
SBID89,2025-05-29,low,1121.0,1105.0,"low > min(open, close)",PAP-v4 §3.1 envelope repair
SBID89,2025-05-30,low,1121.0,1105.0,"low > min(open, close)",PAP-v4 §3.1 envelope repair
SBID89,2025-05-31,low,1121.0,1105.0,"low > min(open, close)",PAP-v4 §3.1 envelope repair
SBID89,2025-06-01,low,1121.0,1105.0,"low > min(open, close)",PAP-v4 §3.1 envelope repair
SBID89,2025-08-18,low,1137.0,1114.3,"low > min(open, close)",PAP-v4 §3.1 envelope repair
SBID89,2025-11-18,high,1180.0,1203.6,"high < max(open, close)",PAP-v4 §3.1 envelope repair
SBID89,2025-11-27,low,1191.0,1175.0,"low > min(open, close)",PAP-v4 §3.1 envelope repair
SBID89,2025-11-28,low,1191.0,1175.0,"low > min(open, close)",PAP-v4 §3.1 envelope repair
SBID89,2025-11-29,low,1191.0,1175.0,"low > min(open, close)",PAP-v4 §3.1 envelope repair
SBID89,2026-01-07,low,1240.7,1216.0,"low > min(open, close)",PAP-v4 §3.1 envelope repair
SBID89,2026-04-22,high,1170.0,1201.0,"high < max(open, close)",PAP-v4 §3.1 envelope repair
SBID89,2026-04-27,low,1154.0,1100.0,"low > min(open, close)",PAP-v4 §3.1 envelope repair
SBID89,2026-04-28,high,1100.0,1133.0,"high < max(open, close)",PAP-v4 §3.1 envelope repair
SBL,2026-04-28,low,388.0,387.3,"low > min(open, close)",PAP-v4 §3.1 envelope repair
SBLD2082,2025-04-16,high,1040.0,1060.8,"high < max(open, close)",PAP-v4 §3.1 envelope repair
SBLD2082,2025-12-09,high,1050.0,1120.0,"high < max(open, close)",PAP-v4 §3.1 envelope repair
SBLD2091,2025-11-20,high,1100.0,1100.9,"high < max(open, close)",PAP-v4 §3.1 envelope repair
SBLD2091,2025-11-21,high,1100.0,1100.9,"high < max(open, close)",PAP-v4 §3.1 envelope repair
SBLD2091,2025-11-22,high,1100.0,1100.9,"high < max(open, close)",PAP-v4 §3.1 envelope repair
SBLD2091,2026-01-28,high,1071.0,1092.0,"high < max(open, close)",PAP-v4 §3.1 envelope repair
SBLD2091,2026-02-03,high,1085.0,1094.0,"high < max(open, close)",PAP-v4 §3.1 envelope repair
SBLD2091,2026-04-27,high,1063.0,1087.0,"high < max(open, close)",PAP-v4 §3.1 envelope repair
SBLD2091,2026-04-28,low,1065.0,1063.0,"low > min(open, close)",PAP-v4 §3.1 envelope repair
SBLD2091,2026-05-08,low,1065.0,1052.0,"low > min(open, close)",PAP-v4 §3.1 envelope repair
SBLD2091,2026-05-09,low,1065.0,1052.0,"low > min(open, close)",PAP-v4 §3.1 envelope repair
SBLD2091,2026-05-10,low,1065.0,1052.0,"low > min(open, close)",PAP-v4 §3.1 envelope repair
SBLD2091,2026-05-21,high,1082.0,1086.0,"high < max(open, close)",PAP-v4 §3.1 envelope repair
SBLD2091,2026-06-17,high,1076.1,1095.0,"high < max(open, close)",PAP-v4 §3.1 envelope repair
SBLD83,2025-04-20,high,1038.7,1059.4,"high < max(open, close)",PAP-v4 §3.1 envelope repair
SBLD83,2025-11-10,high,1077.8,1082.0,"high < max(open, close)",PAP-v4 §3.1 envelope repair
SBLD83,2026-03-02,high,1093.0,1095.0,"high < max(open, close)",PAP-v4 §3.1 envelope repair
SBLD83,2026-06-08,low,1045.0,1042.0,"low > min(open, close)",PAP-v4 §3.1 envelope repair
SBLD83,2026-06-10,low,1053.0,1042.0,"low > min(open, close)",PAP-v4 §3.1 envelope repair
SBLD84,2025-04-21,high,1050.0,1060.0,"high < max(open, close)",PAP-v4 §3.1 envelope repair
SBLD84,2025-05-27,low,1060.0,1041.0,"low > min(open, close)",PAP-v4 §3.1 envelope repair
SBLD84,2025-05-28,low,1041.0,1035.2,"low > min(open, close)",PAP-v4 §3.1 envelope repair
SBLD84,2025-05-29,low,1041.0,1035.2,"low > min(open, close)",PAP-v4 §3.1 envelope repair
SBLD84,2025-05-30,low,1041.0,1035.2,"low > min(open, close)",PAP-v4 §3.1 envelope repair
SBLD84,2025-05-31,low,1041.0,1035.2,"low > min(open, close)",PAP-v4 §3.1 envelope repair
SBLD84,2025-06-01,low,1041.0,1035.2,"low > min(open, close)",PAP-v4 §3.1 envelope repair
SBLD84,2025-06-03,low,1055.0,1049.9,"low > min(open, close)",PAP-v4 §3.1 envelope repair
SBLD84,2025-06-09,low,1049.9,1033.5,"low > min(open, close)",PAP-v4 §3.1 envelope repair
SBLD84,2025-06-18,high,1037.1,1045.0,"high < max(open, close)",PAP-v4 §3.1 envelope repair
SBLD84,2025-06-24,high,1039.3,1039.6,"high < max(open, close)",PAP-v4 §3.1 envelope repair
SBLD84,2025-07-16,high,1081.19,1102.5,"high < max(open, close)",PAP-v4 §3.1 envelope repair
SBLD84,2025-09-03,high,1041.0,1046.0,"high < max(open, close)",PAP-v4 §3.1 envelope repair
SBLD84,2025-11-18,high,1065.0,1086.2,"high < max(open, close)",PAP-v4 §3.1 envelope repair
SBLD84,2025-12-21,high,1065.0,1080.0,"high < max(open, close)",PAP-v4 §3.1 envelope repair
SBLD84,2026-01-05,low,1115.0,1093.0,"low > min(open, close)",PAP-v4 §3.1 envelope repair
SBLD84,2026-02-17,low,1093.0,1071.2,"low > min(open, close)",PAP-v4 §3.1 envelope repair
SBLD84,2026-02-18,low,1093.0,1071.2,"low > min(open, close)",PAP-v4 §3.1 envelope repair
SBLD84,2026-02-19,low,1093.0,1071.2,"low > min(open, close)",PAP-v4 §3.1 envelope repair
SBLD84,2026-02-20,low,1093.0,1071.2,"low > min(open, close)",PAP-v4 §3.1 envelope repair
SBLD84,2026-02-21,low,1093.0,1071.2,"low > min(open, close)",PAP-v4 §3.1 envelope repair
SBLD84,2026-03-15,low,1048.0,1046.0,"low > min(open, close)",PAP-v4 §3.1 envelope repair
SBLD84,2026-03-25,high,1045.7,1050.0,"high < max(open, close)",PAP-v4 §3.1 envelope repair
SBLD84,2026-06-05,low,1178.0,1120.0,"low > min(open, close)",PAP-v4 §3.1 envelope repair
SBLD84,2026-06-06,low,1178.0,1120.0,"low > min(open, close)",PAP-v4 §3.1 envelope repair
SBLD84,2026-06-07,low,1178.0,1120.0,"low > min(open, close)",PAP-v4 §3.1 envelope repair
SBLD84,2026-06-12,low,1050.0,1047.0,"low > min(open, close)",PAP-v4 §3.1 envelope repair
SBLD84,2026-06-13,low,1050.0,1047.0,"low > min(open, close)",PAP-v4 §3.1 envelope repair
SBLD84,2026-06-14,low,1050.0,1047.0,"low > min(open, close)",PAP-v4 §3.1 envelope repair
SBLD84,2026-06-17,low,1070.0,1017.0,"low > min(open, close)",PAP-v4 §3.1 envelope repair
SBLD84,2026-07-15,high,1079.0,1110.0,"high < max(open, close)",PAP-v4 §3.1 envelope repair
SBLD89,2025-03-30,high,1206.0,1206.13,"high < max(open, close)",PAP-v4 §3.1 envelope repair
SBLD89,2025-03-31,high,1206.0,1206.13,"high < max(open, close)",PAP-v4 §3.1 envelope repair
SBLD89,2025-11-05,low,1405.0,1376.9,"low > min(open, close)",PAP-v4 §3.1 envelope repair
SBLD89,2026-04-24,high,1260.1,1299.0,"high < max(open, close)",PAP-v4 §3.1 envelope repair
SBLD89,2026-04-25,high,1260.1,1299.0,"high < max(open, close)",PAP-v4 §3.1 envelope repair
SBLD89,2026-04-26,high,1260.1,1299.0,"high < max(open, close)",PAP-v4 §3.1 envelope repair
SBLD89,2026-04-27,high,1250.0,1260.1,"high < max(open, close)",PAP-v4 §3.1 envelope repair
SBLD89,2026-05-08,low,1250.0,1220.0,"low > min(open, close)",PAP-v4 §3.1 envelope repair
SBLD89,2026-05-09,low,1250.0,1220.0,"low > min(open, close)",PAP-v4 §3.1 envelope repair
SBLD89,2026-05-10,low,1250.0,1220.0,"low > min(open, close)",PAP-v4 §3.1 envelope repair
SBLD89,2026-05-12,high,1287.5,1315.0,"high < max(open, close)",PAP-v4 §3.1 envelope repair
SBLD89,2026-06-01,high,1235.0,1272.0,"high < max(open, close)",PAP-v4 §3.1 envelope repair
SCB,2026-04-29,high,640.1,643.0,"high < max(open, close)",PAP-v4 §3.1 envelope repair
SCBD,2025-04-03,high,1092.2,1099.9,"high < max(open, close)",PAP-v4 §3.1 envelope repair
SCBD,2025-04-04,high,1092.2,1099.9,"high < max(open, close)",PAP-v4 §3.1 envelope repair
SCBD,2025-04-05,high,1092.2,1099.9,"high < max(open, close)",PAP-v4 §3.1 envelope repair
SCBD,2025-04-06,high,1092.2,1099.9,"high < max(open, close)",PAP-v4 §3.1 envelope repair
SCBD,2025-05-13,high,1109.1,1115.1,"high < max(open, close)",PAP-v4 §3.1 envelope repair
SCBD,2026-04-24,high,1103.1,1115.5,"high < max(open, close)",PAP-v4 §3.1 envelope repair
SCBD,2026-04-25,high,1103.1,1115.5,"high < max(open, close)",PAP-v4 §3.1 envelope repair
SCBD,2026-04-26,high,1103.1,1115.5,"high < max(open, close)",PAP-v4 §3.1 envelope repair
SCBD,2026-04-28,high,1100.0,1103.1,"high < max(open, close)",PAP-v4 §3.1 envelope repair
SCBD,2026-04-29,low,1096.7,1080.0,"low > min(open, close)",PAP-v4 §3.1 envelope repair
SCBD,2026-08-13,low,1133.0,1070.0,"low > min(open, close)",PAP-v4 §3.1 envelope repair
SCBD,2026-08-24,low,1102.1,1056.6,"low > min(open, close)",PAP-v4 §3.1 envelope repair
SDBD87,2025-04-02,high,1056.0,1058.0,"high < max(open, close)",PAP-v4 §3.1 envelope repair
SDBD87,2025-04-03,high,1058.0,1061.0,"high < max(open, close)",PAP-v4 §3.1 envelope repair
SDBD87,2025-04-04,high,1058.0,1061.0,"high < max(open, close)",PAP-v4 §3.1 envelope repair
SDBD87,2025-04-05,high,1058.0,1061.0,"high < max(open, close)",PAP-v4 §3.1 envelope repair
SDBD87,2025-04-06,high,1058.0,1061.0,"high < max(open, close)",PAP-v4 §3.1 envelope repair
SDBD87,2025-04-28,low,1106.0,1100.0,"low > min(open, close)",PAP-v4 §3.1 envelope repair
SDBD87,2025-05-07,high,1087.0,1090.0,"high < max(open, close)",PAP-v4 §3.1 envelope repair
SDBD87,2025-05-13,high,1072.1,1073.1,"high < max(open, close)",PAP-v4 §3.1 envelope repair
SDBD87,2025-05-26,low,1099.5,1080.0,"low > min(open, close)",PAP-v4 §3.1 envelope repair
SDBD87,2025-05-27,high,1092.1,1094.0,"high < max(open, close)",PAP-v4 §3.1 envelope repair
SDBD87,2025-06-09,high,1100.0,1106.0,"high < max(open, close)",PAP-v4 §3.1 envelope repair
SDBD87,2025-08-11,low,1054.0,1048.3,"low > min(open, close)",PAP-v4 §3.1 envelope repair
SDBD87,2025-09-03,high,1063.0,1070.0,"high < max(open, close)",PAP-v4 §3.1 envelope repair
SDBD87,2025-10-30,low,1165.0,1142.1,"low > min(open, close)",PAP-v4 §3.1 envelope repair
SDBD87,2025-10-31,low,1165.0,1142.1,"low > min(open, close)",PAP-v4 §3.1 envelope repair
SDBD87,2025-11-01,low,1165.0,1142.1,"low > min(open, close)",PAP-v4 §3.1 envelope repair
SDBD87,2025-11-02,low,1122.0,1100.1,"low > min(open, close)",PAP-v4 §3.1 envelope repair
SDBD87,2025-11-04,low,1126.0,1106.2,"low > min(open, close)",PAP-v4 §3.1 envelope repair
SDBD87,2025-12-11,low,1196.2,1149.0,"low > min(open, close)",PAP-v4 §3.1 envelope repair
SDBD87,2025-12-12,low,1196.2,1149.0,"low > min(open, close)",PAP-v4 §3.1 envelope repair
SDBD87,2025-12-13,low,1196.2,1149.0,"low > min(open, close)",PAP-v4 §3.1 envelope repair
SDBD87,2026-01-18,low,1185.0,1161.3,"low > min(open, close)",PAP-v4 §3.1 envelope repair
SDBD87,2026-01-19,low,1185.0,1161.3,"low > min(open, close)",PAP-v4 §3.1 envelope repair
SDBD87,2026-04-24,high,1142.0,1176.0,"high < max(open, close)",PAP-v4 §3.1 envelope repair
SDBD87,2026-04-25,high,1142.0,1176.0,"high < max(open, close)",PAP-v4 §3.1 envelope repair
SDBD87,2026-04-26,high,1142.0,1176.0,"high < max(open, close)",PAP-v4 §3.1 envelope repair
SDBD87,2026-04-27,high,1142.0,1176.0,"high < max(open, close)",PAP-v4 §3.1 envelope repair
SDBD87,2026-04-29,low,1142.0,1095.0,"low > min(open, close)",PAP-v4 §3.1 envelope repair
SDBD87,2026-04-30,high,1095.0,1127.8,"high < max(open, close)",PAP-v4 §3.1 envelope repair
SDBD87,2026-05-01,high,1095.0,1127.8,"high < max(open, close)",PAP-v4 §3.1 envelope repair
SDBD87,2026-05-02,high,1095.0,1127.8,"high < max(open, close)",PAP-v4 §3.1 envelope repair
SDBD87,2026-05-03,high,1095.0,1127.8,"high < max(open, close)",PAP-v4 §3.1 envelope repair
SDBD87,2026-08-14,low,1203.8,1167.7,"low > min(open, close)",PAP-v4 §3.1 envelope repair
SEF,2026-04-28,high,9.77,9.9,"high < max(open, close)",PAP-v4 §3.1 envelope repair
SEF,2026-04-29,low,9.81,9.77,"low > min(open, close)",PAP-v4 §3.1 envelope repair
SFEF,2026-04-27,high,10.0,10.1,"high < max(open, close)",PAP-v4 §3.1 envelope repair
SFMF,2026-04-27,low,10.59,10.5,"low > min(open, close)",PAP-v4 §3.1 envelope repair
SFMF,2026-04-29,high,10.69,10.7,"high < max(open, close)",PAP-v4 §3.1 envelope repair
SGICP,2026-04-24,high,264.0,266.0,"high < max(open, close)",PAP-v4 §3.1 envelope repair
SGICP,2026-04-25,high,264.0,266.0,"high < max(open, close)",PAP-v4 §3.1 envelope repair
SGICP,2026-04-26,high,264.0,266.0,"high < max(open, close)",PAP-v4 §3.1 envelope repair
SGICP,2026-04-27,high,262.0,264.0,"high < max(open, close)",PAP-v4 §3.1 envelope repair
SGICP,2026-04-28,high,260.0,262.0,"high < max(open, close)",PAP-v4 §3.1 envelope repair
SGICP,2026-04-29,high,258.0,260.0,"high < max(open, close)",PAP-v4 §3.1 envelope repair
SHINED,2026-02-09,low,1135.0,1116.0,"low > min(open, close)",PAP-v4 §3.1 envelope repair
SHINED,2026-04-27,high,1105.8,1140.0,"high < max(open, close)",PAP-v4 §3.1 envelope repair
SHINED,2026-04-28,low,1110.1,1105.8,"low > min(open, close)",PAP-v4 §3.1 envelope repair
SHINED,2026-04-29,high,1141.0,1143.4,"high < max(open, close)",PAP-v4 §3.1 envelope repair
SHINED,2026-06-03,low,1097.0,1093.0,"low > min(open, close)",PAP-v4 §3.1 envelope repair
SHINED,2026-07-16,low,1145.0,1144.0,"low > min(open, close)",PAP-v4 §3.1 envelope repair
SHL,2026-04-29,high,501.0,501.9,"high < max(open, close)",PAP-v4 §3.1 envelope repair
SIFC,2026-04-29,high,547.0,548.5,"high < max(open, close)",PAP-v4 §3.1 envelope repair
SIGS2,2026-04-29,high,10.2,10.5,"high < max(open, close)",PAP-v4 §3.1 envelope repair
SJCL,2026-04-29,high,305.0,306.0,"high < max(open, close)",PAP-v4 §3.1 envelope repair
SJLIC,2026-04-29,high,434.0,435.0,"high < max(open, close)",PAP-v4 §3.1 envelope repair
SKHEL,2026-04-27,high,1633.5,1635.0,"high < max(open, close)",PAP-v4 §3.1 envelope repair
SLBSL,2026-04-28,high,1235.0,1235.1,"high < max(open, close)",PAP-v4 §3.1 envelope repair
SLBSL,2026-04-29,high,1220.0,1231.9,"high < max(open, close)",PAP-v4 §3.1 envelope repair
SLCF,2026-04-27,high,9.7,9.77,"high < max(open, close)",PAP-v4 §3.1 envelope repair
SMFBS,2026-04-24,high,1680.0,1698.0,"high < max(open, close)",PAP-v4 §3.1 envelope repair
SMFBS,2026-04-25,high,1680.0,1698.0,"high < max(open, close)",PAP-v4 §3.1 envelope repair
SMFBS,2026-04-26,high,1680.0,1698.0,"high < max(open, close)",PAP-v4 §3.1 envelope repair
SMFBS,2026-04-28,high,1685.0,1689.8,"high < max(open, close)",PAP-v4 §3.1 envelope repair
SONA,2026-04-29,high,436.0,437.0,"high < max(open, close)",PAP-v4 §3.1 envelope repair
SPDL,2026-04-28,high,406.3,408.0,"high < max(open, close)",PAP-v4 §3.1 envelope repair
SPHL,2026-04-24,high,527.0,527.9,"high < max(open, close)",PAP-v4 §3.1 envelope repair
SPHL,2026-04-25,high,527.0,527.9,"high < max(open, close)",PAP-v4 §3.1 envelope repair
SPHL,2026-04-26,high,527.0,527.9,"high < max(open, close)",PAP-v4 §3.1 envelope repair
SPIL,2026-04-29,high,712.0,720.0,"high < max(open, close)",PAP-v4 §3.1 envelope repair
SPL,2026-04-29,high,722.9,724.0,"high < max(open, close)",PAP-v4 §3.1 envelope repair
SRBLD83,2025-03-24,high,1055.1,1056.2,"high < max(open, close)",PAP-v4 §3.1 envelope repair
SRBLD83,2025-04-21,high,1101.0,1105.0,"high < max(open, close)",PAP-v4 §3.1 envelope repair
SRBLD83,2025-05-08,high,1059.0,1061.7,"high < max(open, close)",PAP-v4 §3.1 envelope repair
SRBLD83,2025-05-09,high,1059.0,1061.7,"high < max(open, close)",PAP-v4 §3.1 envelope repair
SRBLD83,2025-05-10,high,1059.0,1061.7,"high < max(open, close)",PAP-v4 §3.1 envelope repair
SRBLD83,2025-06-25,low,1070.1,1070.0,"low > min(open, close)",PAP-v4 §3.1 envelope repair
SRBLD83,2025-07-23,high,1065.1,1096.0,"high < max(open, close)",PAP-v4 §3.1 envelope repair
SRBLD83,2026-04-24,low,1051.9,1050.9,"low > min(open, close)",PAP-v4 §3.1 envelope repair
SRBLD83,2026-04-25,low,1051.9,1050.9,"low > min(open, close)",PAP-v4 §3.1 envelope repair
SRBLD83,2026-04-26,low,1051.9,1050.9,"low > min(open, close)",PAP-v4 §3.1 envelope repair
SRBLD83,2026-04-27,high,1046.9,1051.9,"high < max(open, close)",PAP-v4 §3.1 envelope repair
SRBLD83,2026-07-03,high,1060.7,1091.9,"high < max(open, close)",PAP-v4 §3.1 envelope repair
SRBLD83,2026-07-06,high,1091.9,1099.0,"high < max(open, close)",PAP-v4 §3.1 envelope repair
SRBLD83,2026-07-22,low,1098.9,1059.9,"low > min(open, close)",PAP-v4 §3.1 envelope repair
SRLI,2026-04-29,high,392.0,394.0,"high < max(open, close)",PAP-v4 §3.1 envelope repair
SWASTIK,2026-04-29,high,2500.0,2517.0,"high < max(open, close)",PAP-v4 §3.1 envelope repair
SWBBL,2026-04-29,high,727.0,729.0,"high < max(open, close)",PAP-v4 §3.1 envelope repair
SWMF,2026-04-24,high,666.0,668.7,"high < max(open, close)",PAP-v4 §3.1 envelope repair
SWMF,2026-04-25,high,666.0,668.7,"high < max(open, close)",PAP-v4 §3.1 envelope repair
SWMF,2026-04-26,high,666.0,668.7,"high < max(open, close)",PAP-v4 §3.1 envelope repair
TVCL,2026-04-28,high,560.0,566.0,"high < max(open, close)",PAP-v4 §3.1 envelope repair
TVCL,2026-04-29,high,550.0,559.0,"high < max(open, close)",PAP-v4 §3.1 envelope repair
UAIL,2026-04-24,high,449.8,449.9,"high < max(open, close)",PAP-v4 §3.1 envelope repair
UAIL,2026-04-25,high,449.8,449.9,"high < max(open, close)",PAP-v4 §3.1 envelope repair
UAIL,2026-04-26,high,449.8,449.9,"high < max(open, close)",PAP-v4 §3.1 envelope repair
UAIL,2026-04-29,high,444.9,446.0,"high < max(open, close)",PAP-v4 §3.1 envelope repair
ULBSL,2026-04-28,high,3014.9,3015.0,"high < max(open, close)",PAP-v4 §3.1 envelope repair
UMHL,2026-04-29,high,575.0,580.0,"high < max(open, close)",PAP-v4 §3.1 envelope repair
UNHPL,2026-04-29,high,487.0,487.9,"high < max(open, close)",PAP-v4 §3.1 envelope repair
UNL,2026-04-29,high,47020.0,47050.0,"high < max(open, close)",PAP-v4 §3.1 envelope repair
UPCL,2026-04-29,high,377.0,378.5,"high < max(open, close)",PAP-v4 §3.1 envelope repair
USHL,2026-04-28,high,655.0,656.0,"high < max(open, close)",PAP-v4 §3.1 envelope repair
USHL,2026-04-29,high,649.0,650.0,"high < max(open, close)",PAP-v4 §3.1 envelope repair
USLB,2026-04-29,high,1319.0,1324.0,"high < max(open, close)",PAP-v4 §3.1 envelope repair
VLBS,2026-04-29,high,724.1,724.9,"high < max(open, close)",PAP-v4 §3.1 envelope repair
VLUCL,2026-04-29,high,510.3,512.2,"high < max(open, close)",PAP-v4 §3.1 envelope repair
WNLB,2026-04-28,high,1490.0,1500.0,"high < max(open, close)",PAP-v4 §3.1 envelope repair
WNLB,2026-04-29,high,1470.0,1482.0,"high < max(open, close)",PAP-v4 §3.1 envelope repair
